	bin_ids
asc.day0_AAACCTGTCGATCCCT-1	1
asc.day0_AAACGGGAGATGTGTA-1	2
asc.day0_AAACGGGCAAGTTAAG-1	1
asc.day0_AAACGGGTCATAGCAC-1	5
asc.day0_AAAGATGAGTGGTAAT-1	6
asc.day0_AAAGATGTCACCATAG-1	2
asc.day0_AAAGCAACACTAAGTC-1	2
asc.day0_AAAGCAACATGCAACT-1	2
asc.day0_AAAGCAATCCGGGTGT-1	7
asc.day0_AAATGCCTCATCGCTC-1	5
asc.day0_AAATGCCTCTTGCATT-1	2
asc.day0_AACACGTCAAATACAG-1	1
asc.day0_AACCATGAGGGCTTCC-1	6
asc.day0_AACCATGCACGTAAGG-1	3
asc.day0_AACCATGGTAATCGTC-1	1
asc.day0_AACCATGGTCACTGGC-1	7
asc.day0_AACCGCGCACCCAGTG-1	2
asc.day0_AACCGCGGTCGACTAT-1	1
asc.day0_AACCGCGGTTCAGTAC-1	6
asc.day0_AACGTTGCAAGCCTAT-1	6
asc.day0_AACGTTGCACGTGAGA-1	1
asc.day0_AACGTTGGTCCAGTGC-1	1
asc.day0_AACGTTGTCACTTACT-1	4
asc.day0_AACGTTGTCCATGAAC-1	1
asc.day0_AACTCAGAGTGCAAGC-1	2
asc.day0_AACTCAGCATACTACG-1	1
asc.day0_AACTCAGGTCTCACCT-1	7
asc.day0_AACTCCCTCTTAACCT-1	1
asc.day0_AACTTTCTCCTGCCAT-1	5
asc.day0_AAGACCTGTTCCATGA-1	2
asc.day0_AAGCCGCCAGGAACGT-1	5
asc.day0_AAGCCGCGTAGGCTGA-1	2
asc.day0_AAGGAGCTCCGCATCT-1	1
asc.day0_AAGGCAGAGGAACTGC-1	1
asc.day0_AAGGCAGTCAGGCCCA-1	3
asc.day0_AAGGTTCGTAAAGTCA-1	1
asc.day0_AAGGTTCTCATCGCTC-1	5
asc.day0_AAGGTTCTCGCATGGC-1	2
asc.day0_AAGTCTGAGGTAGCTG-1	5
asc.day0_AATCCAGCAAGCCATT-1	4
asc.day0_AATCCAGCATGCCCGA-1	1
asc.day0_AATCCAGGTCGGGTCT-1	1
asc.day0_AATCCAGGTTCTGAAC-1	6
asc.day0_AATCGGTCAAGAAAGG-1	6
asc.day0_ACACCAACACGGCTAC-1	1
asc.day0_ACACCAATCTTGCATT-1	2
asc.day0_ACACCCTGTTTACTCT-1	2
asc.day0_ACACCCTTCCCATTAT-1	6
asc.day0_ACACCGGAGATGCCAG-1	3
asc.day0_ACACCGGGTGCCTTGG-1	2
asc.day0_ACACTGACAATTGCTG-1	3
asc.day0_ACACTGAGTGTTCTTT-1	5
asc.day0_ACACTGATCTCGAGTA-1	5
asc.day0_ACAGCCGAGGCGCTCT-1	2
asc.day0_ACAGCCGAGTCGATAA-1	2
asc.day0_ACAGCTAGTGTGAAAT-1	2
asc.day0_ACAGCTATCGCTGATA-1	2
asc.day0_ACATACGAGACTGGGT-1	1
asc.day0_ACATACGTCTTGCAAG-1	5
asc.day0_ACATACGTCTTGTCAT-1	7
asc.day0_ACATCAGCATCACGTA-1	1
asc.day0_ACATGGTCACGCCAGT-1	3
asc.day0_ACATGGTCAGTCGTGC-1	6
asc.day0_ACATGGTGTCACTGGC-1	3
asc.day0_ACATGGTGTTCACGGC-1	6
asc.day0_ACATGGTTCTGATTCT-1	6
asc.day0_ACCAGTACAGATAATG-1	4
asc.day0_ACCAGTAGTTATGTGC-1	6
asc.day0_ACCGTAAAGGAGTAGA-1	4
asc.day0_ACCGTAAAGGCTAGAC-1	1
asc.day0_ACCGTAAAGTGTTGAA-1	6
asc.day0_ACCGTAAGTGGTTTCA-1	1
asc.day0_ACCTTTAAGAAGGTTT-1	5
asc.day0_ACCTTTAAGCAGCCTC-1	6
asc.day0_ACCTTTAAGCGTTCCG-1	6
asc.day0_ACCTTTACACAACGTT-1	3
asc.day0_ACCTTTATCCTTCAAT-1	1
asc.day0_ACGAGCCCAGGATTGG-1	2
asc.day0_ACGAGCCCATAACCTG-1	8
asc.day0_ACGAGCCGTGGCAAAC-1	1
asc.day0_ACGAGGAAGAGGGCTT-1	1
asc.day0_ACGAGGAAGCGTAATA-1	6
asc.day0_ACGAGGAGTCCAGTGC-1	5
asc.day0_ACGATACCACGCGAAA-1	5
asc.day0_ACGATACGTACAAGTA-1	2
asc.day0_ACGATACTCGCCGTGA-1	3
asc.day0_ACGATGTAGCTAAGAT-1	6
asc.day0_ACGATGTCACCACGTG-1	5
asc.day0_ACGATGTCACTGCCAG-1	6
asc.day0_ACGATGTTCCGCGGTA-1	1
asc.day0_ACGCAGCTCAATAAGG-1	3
asc.day0_ACGCAGCTCACGATGT-1	6
asc.day0_ACGCCAGAGAATTGTG-1	2
asc.day0_ACGCCAGGTGGTAACG-1	3
asc.day0_ACGCCGACATACCATG-1	1
asc.day0_ACGCCGAGTTGTCGCG-1	1
asc.day0_ACGCCGATCTCCGGTT-1	4
asc.day0_ACGGAGAGTCAAAGAT-1	1
asc.day0_ACGGAGATCAGCTCGG-1	1
asc.day0_ACGGAGATCTCTAGGA-1	2
asc.day0_ACGGCCAAGAGGACGG-1	3
asc.day0_ACGGCCAGTTAGTGGG-1	3
asc.day0_ACGGGCTAGCTAGTCT-1	5
asc.day0_ACGGGCTCAAATACAG-1	5
asc.day0_ACGGGCTGTAGAGCTG-1	3
asc.day0_ACGTCAACACCGAAAG-1	4
asc.day0_ACTATCTGTGGCGAAT-1	1
asc.day0_ACTATCTTCACGATGT-1	6
asc.day0_ACTATCTTCCACGAAT-1	5
asc.day0_ACTGAACAGAGCTGCA-1	5
asc.day0_ACTGAACAGTCTTGCA-1	7
asc.day0_ACTGAACAGTGAACAT-1	1
asc.day0_ACTGAACCAATAGAGT-1	5
asc.day0_ACTGAACCAGTTTACG-1	6
asc.day0_ACTGAGTAGTTAGCGG-1	6
asc.day0_ACTGAGTGTGATGTCT-1	4
asc.day0_ACTGAGTGTGCCTGGT-1	2
asc.day0_ACTGATGAGTGGAGTC-1	1
asc.day0_ACTGATGGTCTAAACC-1	1
asc.day0_ACTGATGGTGAGGGTT-1	2
asc.day0_ACTGCTCTCAGGCAAG-1	4
asc.day0_ACTGCTCTCGAATGCT-1	5
asc.day0_ACTGTCCGTCAGAGGT-1	8
asc.day0_ACTGTCCTCATTGCCC-1	3
asc.day0_ACTTGTTCATATGCTG-1	7
asc.day0_ACTTGTTGTACTTCTT-1	7
asc.day0_ACTTGTTGTGACAAAT-1	1
asc.day0_ACTTGTTTCATGTCTT-1	2
asc.day0_ACTTTCAAGATCCCGC-1	6
asc.day0_AGAATAGAGAAGCCCA-1	2
asc.day0_AGAATAGGTACACCGC-1	2
asc.day0_AGAATAGTCTTACCTA-1	8
asc.day0_AGACGTTCACGGCCAT-1	1
asc.day0_AGACGTTTCAACACAC-1	3
asc.day0_AGAGCGAAGTCTTGCA-1	5
asc.day0_AGAGCTTAGGGATGGG-1	1
asc.day0_AGAGCTTGTGCACCAC-1	2
asc.day0_AGAGTGGCACGCGAAA-1	3
asc.day0_AGAGTGGGTTGGTTTG-1	1
asc.day0_AGATCTGAGATCCCAT-1	5
asc.day0_AGATCTGTCCGAACGC-1	1
asc.day0_AGCAGCCGTAAACACA-1	2
asc.day0_AGCAGCCGTGCCTGTG-1	6
asc.day0_AGCCTAAAGCGAGAAA-1	6
asc.day0_AGCCTAACACTGTCGG-1	1
asc.day0_AGCCTAACAGCCACCA-1	1
asc.day0_AGCCTAAGTAAGAGAG-1	1
asc.day0_AGCGTATAGAGGGCTT-1	3
asc.day0_AGCGTATCAAGGTTCT-1	6
asc.day0_AGCGTATCAATAACGA-1	4
asc.day0_AGCGTATTCCTCGCAT-1	6
asc.day0_AGCTCCTTCACCGGGT-1	1
asc.day0_AGCTCTCGTAAGCACG-1	6
asc.day0_AGCTCTCGTCCCGACA-1	3
asc.day0_AGCTTGAAGCAGGCTA-1	2
asc.day0_AGCTTGACATTGGGCC-1	2
asc.day0_AGGCCGTAGCTGAAAT-1	1
asc.day0_AGGCCGTTCAGATAAG-1	4
asc.day0_AGGCCGTTCCATGCTC-1	6
asc.day0_AGGGAGTTCCAGATCA-1	6
asc.day0_AGGGATGCAGTAAGCG-1	5
asc.day0_AGGGATGGTATGAAAC-1	2
asc.day0_AGGGATGGTGCACGAA-1	5
asc.day0_AGGGATGTCTTAGCCC-1	1
asc.day0_AGGGTGACAAAGTCAA-1	3
asc.day0_AGGGTGATCCTTTCGG-1	4
asc.day0_AGGTCATCAAAGGAAG-1	7
asc.day0_AGGTCATTCCCGACTT-1	4
asc.day0_AGGTCCGAGAGACTAT-1	5
asc.day0_AGGTCCGCACGGACAA-1	2
asc.day0_AGGTCCGCATCCAACA-1	2
asc.day0_AGTAGTCAGGCTAGGT-1	1
asc.day0_AGTAGTCAGTCTCAAC-1	2
asc.day0_AGTAGTCTCGCTAGCG-1	3
asc.day0_AGTGAGGAGAGCTATA-1	5
asc.day0_AGTGAGGAGTCACGCC-1	6
asc.day0_AGTGAGGAGTCCGTAT-1	4
asc.day0_AGTGAGGTCTTACCTA-1	7
asc.day0_AGTGGGAGTGATGTGG-1	5
asc.day0_AGTGTCAGTCAACTGT-1	1
asc.day0_AGTTGGTCAGTTTACG-1	2
asc.day0_AGTTGGTCATATACGC-1	1
asc.day0_AGTTGGTGTACCATCA-1	3
asc.day0_ATAAGAGTCTCATTCA-1	3
asc.day0_ATAGACCTCGACCAGC-1	3
asc.day0_ATCACGAAGTGGAGTC-1	2
asc.day0_ATCACGACAACTGGCC-1	5
asc.day0_ATCACGATCTTCGAGA-1	5
asc.day0_ATCATGGCACCAGGCT-1	1
asc.day0_ATCATGGGTCTTCGTC-1	6
asc.day0_ATCATGGTCCGTTGTC-1	3
asc.day0_ATCCACCGTAAGTGTA-1	2
asc.day0_ATCCACCTCTCGCTTG-1	1
asc.day0_ATCGAGTCACGGATAG-1	5
asc.day0_ATCTACTCACTAGTAC-1	4
asc.day0_ATCTACTTCAAGGTAA-1	1
asc.day0_ATCTACTTCATCGCTC-1	5
asc.day0_ATCTGCCCATCCCATC-1	1
asc.day0_ATCTGCCTCCTCATTA-1	1
asc.day0_ATGAGGGCAAGAAGAG-1	4
asc.day0_ATGAGGGCATTGAGCT-1	4
asc.day0_ATGCGATAGAATTGTG-1	4
asc.day0_ATGCGATGTACCGAGA-1	3
asc.day0_ATGGGAGAGAATCTCC-1	2
asc.day0_ATGGGAGAGCATGGCA-1	6
asc.day0_ATGGGAGTCAAGATCC-1	5
asc.day0_ATGGGAGTCCACGACG-1	1
asc.day0_ATGGGAGTCTCGCTTG-1	1
asc.day0_ATGGGAGTCTTTCCTC-1	3
asc.day0_ATGTGTGCACATTAGC-1	6
asc.day0_ATGTGTGTCGGTTAAC-1	7
asc.day0_ATTACTCCAATCCGAT-1	5
asc.day0_ATTACTCGTCTAGTGT-1	2
asc.day0_ATTACTCTCCACTGGG-1	7
asc.day0_ATTACTCTCGTCTGCT-1	1
asc.day0_ATTATCCAGGCCCGTT-1	1
asc.day0_ATTATCCAGTGGAGAA-1	3
asc.day0_ATTATCCGTAGGACAC-1	3
asc.day0_ATTATCCTCTGTCTAT-1	3
asc.day0_ATTCTACCAATCACAC-1	2
asc.day0_ATTGGACGTTCGTCTC-1	7
asc.day0_ATTGGTGAGGTCGGAT-1	4
asc.day0_ATTGGTGGTACTCAAC-1	2
asc.day0_ATTGGTGGTCGACTGC-1	2
asc.day0_ATTGGTGTCACTTACT-1	4
asc.day0_ATTTCTGAGAGGTTAT-1	1
asc.day0_CAACCAAAGCCAGTAG-1	4
asc.day0_CAACCTCAGAAACCTA-1	6
asc.day0_CAACCTCCAGTAACGG-1	3
asc.day0_CAACTAGAGGGCACTA-1	6
asc.day0_CAACTAGCACCATGTA-1	2
asc.day0_CAAGAAAAGAGCTGCA-1	4
asc.day0_CAAGAAACAGCTCGCA-1	1
asc.day0_CAAGATCAGCCGTCGT-1	5
asc.day0_CAAGGCCGTAATCGTC-1	7
asc.day0_CAAGGCCGTTTAAGCC-1	3
asc.day0_CAAGTTGCAAGGTTTC-1	1
asc.day0_CAAGTTGGTTGGAGGT-1	1
asc.day0_CACACAAGTGCTGTAT-1	1
asc.day0_CACACCTGTAAGTGGC-1	1
asc.day0_CACACTCCAACACGCC-1	1
asc.day0_CACACTCCAAGAAGAG-1	2
asc.day0_CACACTCTCACATACG-1	2
asc.day0_CACAGGCGTCCGAACC-1	2
asc.day0_CACAGGCGTTATGTGC-1	2
asc.day0_CACAGGCGTTATTCTC-1	3
asc.day0_CACAGGCTCTACCTGC-1	2
asc.day0_CACAGTAAGTGGGCTA-1	1
asc.day0_CACAGTAAGTTATCGC-1	6
asc.day0_CACAGTAGTGAGGGTT-1	5
asc.day0_CACAGTATCCTCATTA-1	3
asc.day0_CACATAGCAGATGAGC-1	2
asc.day0_CACATAGCATGGTAGG-1	3
asc.day0_CACATAGGTAATCGTC-1	2
asc.day0_CACATAGGTGCCTTGG-1	1
asc.day0_CACATTTAGTATTGGA-1	5
asc.day0_CACATTTCACAGAGGT-1	3
asc.day0_CACATTTGTAAATGAC-1	1
asc.day0_CACATTTGTAACGACG-1	2
asc.day0_CACATTTGTAACGTTC-1	1
asc.day0_CACATTTTCGGAGCAA-1	4
asc.day0_CACCACTAGAAGGCCT-1	5
asc.day0_CACCACTCAACTGCGC-1	5
asc.day0_CACCACTCACGACGAA-1	5
asc.day0_CACCACTGTAGCTCCG-1	6
asc.day0_CACCAGGAGCAGATCG-1	3
asc.day0_CACCAGGCACGTCTCT-1	2
asc.day0_CACCAGGGTATAATGG-1	4
asc.day0_CACCAGGGTTCCACTC-1	2
asc.day0_CACCTTGCATACCATG-1	1
asc.day0_CACTCCATCTTCATGT-1	6
asc.day0_CAGATCATCTTTACAC-1	2
asc.day0_CAGCAGCCACCAGGTC-1	1
asc.day0_CAGCAGCGTTTGTTTC-1	5
asc.day0_CAGCAGCTCTATCCCG-1	6
asc.day0_CAGCATAGTGTTAAGA-1	6
asc.day0_CAGCATAGTTAAGATG-1	4
asc.day0_CAGCCGACACCCATTC-1	4
asc.day0_CAGCCGACACTCGACG-1	1
asc.day0_CAGCCGATCAGAGACG-1	6
asc.day0_CAGCTAACAGAAGCAC-1	7
asc.day0_CAGCTAATCTGATACG-1	3
asc.day0_CAGCTGGTCAAGGCTT-1	5
asc.day0_CAGGTGCAGCCAGTAG-1	4
asc.day0_CAGGTGCAGCGCCTTG-1	5
asc.day0_CAGGTGCAGGATGCGT-1	6
asc.day0_CAGGTGCCAAGCCTAT-1	2
asc.day0_CAGGTGCCAATTCCTT-1	7
asc.day0_CAGTAACAGATGTAAC-1	4
asc.day0_CAGTAACCAGTGGAGT-1	6
asc.day0_CAGTAACGTTAAGACA-1	4
asc.day0_CAGTCCTCAATCAGAA-1	1
asc.day0_CAGTCCTGTAGTGAAT-1	5
asc.day0_CATATGGCAAAGTCAA-1	2
asc.day0_CATATGGTCACATAGC-1	5
asc.day0_CATATTCCATCCGTGG-1	1
asc.day0_CATCAAGCACCTATCC-1	7
asc.day0_CATCAAGGTGCACGAA-1	1
asc.day0_CATCAAGTCCTCAACC-1	5
asc.day0_CATCAAGTCTCTGCTG-1	2
asc.day0_CATCCACAGATGCGAC-1	1
asc.day0_CATCCACAGCTGATAA-1	2
asc.day0_CATCCACCAGGCTCAC-1	4
asc.day0_CATCCACTCCGGCACA-1	5
asc.day0_CATCCACTCCTAGAAC-1	4
asc.day0_CATCGAAAGATCGGGT-1	1
asc.day0_CATCGAAAGGGCATGT-1	7
asc.day0_CATCGAAAGTGACATA-1	8
asc.day0_CATCGAAGTCGACTAT-1	5
asc.day0_CATCGAATCACCCGAG-1	4
asc.day0_CATCGGGAGCTTCGCG-1	3
asc.day0_CATCGGGAGTGTACCT-1	1
asc.day0_CATCGGGCAGTGAGTG-1	3
asc.day0_CATGACAAGGGTCTCC-1	7
asc.day0_CATGACACAGATGGCA-1	3
asc.day0_CATGGCGAGTGCCATT-1	3
asc.day0_CATTCGCGTCCCTTGT-1	4
asc.day0_CATTCGCTCTACTATC-1	2
asc.day0_CCAATCCGTGTGTGCC-1	2
asc.day0_CCACCTACACTTGGAT-1	6
asc.day0_CCACCTACAGATCGGA-1	3
asc.day0_CCACCTACATTGGTAC-1	5
asc.day0_CCACCTAGTTATCACG-1	3
asc.day0_CCACGGAAGTGAAGAG-1	1
asc.day0_CCACGGAGTCTGATCA-1	4
asc.day0_CCACGGAGTGCGGTAA-1	5
asc.day0_CCACTACGTTGGAGGT-1	2
asc.day0_CCAGCGAAGCACCGTC-1	3
asc.day0_CCAGCGAGTTCTGAAC-1	1
asc.day0_CCATGTCCACCACCAG-1	1
asc.day0_CCATGTCCAGTAAGCG-1	5
asc.day0_CCATGTCGTCAGTGGA-1	1
asc.day0_CCATTCGCAAGAGGCT-1	1
asc.day0_CCATTCGGTTCCACGG-1	6
asc.day0_CCATTCGTCCAAAGTC-1	8
asc.day0_CCCAATCCATTTGCCC-1	6
asc.day0_CCCATACGTACCGAGA-1	4
asc.day0_CCCATACGTTAAGATG-1	2
asc.day0_CCGGGATGTAAGGATT-1	1
asc.day0_CCGGTAGAGTGCGATG-1	7
asc.day0_CCGGTAGTCTGCCAGG-1	4
asc.day0_CCGTACTTCCAGTATG-1	3
asc.day0_CCGTTCAAGGTGGGTT-1	1
asc.day0_CCGTTCAAGTATCTCG-1	2
asc.day0_CCGTTCAGTCTGGAGA-1	5
asc.day0_CCGTTCAGTTGGAGGT-1	5
asc.day0_CCGTTCATCCAAGTAC-1	2
asc.day0_CCTAAAGAGGCTAGGT-1	4
asc.day0_CCTAAAGCACCACGTG-1	3
asc.day0_CCTAAAGCATCGGGTC-1	1
asc.day0_CCTAAAGTCAACACGT-1	6
asc.day0_CCTACACTCGCAAGCC-1	2
asc.day0_CCTACCAGTCTGCCAG-1	3
asc.day0_CCTACCAGTGACAAAT-1	6
asc.day0_CCTAGCTCAAGCCGCT-1	6
asc.day0_CCTATTAGTCTAGTCA-1	2
asc.day0_CCTATTATCACCTTAT-1	3
asc.day0_CCTATTATCTAAGCCA-1	2
asc.day0_CCTCAGTAGCTCCCAG-1	1
asc.day0_CCTCAGTCAGGTTTCA-1	5
asc.day0_CCTCAGTCATTCTTAC-1	6
asc.day0_CCTCAGTTCCGTTGCT-1	1
asc.day0_CCTCTGAAGGCATGTG-1	4
asc.day0_CCTCTGAGTGATGTCT-1	2
asc.day0_CCTTACGAGTTTCCTT-1	1
asc.day0_CCTTACGCAAGAAAGG-1	2
asc.day0_CCTTACGTCATCGCTC-1	7
asc.day0_CCTTACGTCGGCGCAT-1	4
asc.day0_CCTTCGAGTAAACCTC-1	6
asc.day0_CCTTTCTAGTTACGGG-1	2
asc.day0_CCTTTCTCATATGAGA-1	6
asc.day0_CGAACATTCAACACTG-1	1
asc.day0_CGAATGTGTTCCCGAG-1	5
asc.day0_CGAGAAGCAACTGCTA-1	2
asc.day0_CGAGAAGTCATCGATG-1	5
asc.day0_CGAGAAGTCGTGGACC-1	5
asc.day0_CGAGCACGTCGAATCT-1	6
asc.day0_CGAGCCAAGTTGAGAT-1	1
asc.day0_CGAGCCAGTGGCCCTA-1	1
asc.day0_CGATCGGAGTAAGTAC-1	5
asc.day0_CGATCGGCATGTTGAC-1	1
asc.day0_CGATGGCCAGTCGATT-1	2
asc.day0_CGATGGCGTCAAAGAT-1	6
asc.day0_CGATGGCTCACAACGT-1	2
asc.day0_CGATGTACATGAGCGA-1	2
asc.day0_CGATGTAGTATGCTTG-1	2
asc.day0_CGATGTATCAACACTG-1	6
asc.day0_CGATTGAAGAGCCCAA-1	3
asc.day0_CGATTGACAAGTACCT-1	4
asc.day0_CGATTGATCCGTTGCT-1	5
asc.day0_CGCCAAGCAAGTCATC-1	1
asc.day0_CGCCAAGCATCCTAGA-1	1
asc.day0_CGCCAAGTCGAATGGG-1	7
asc.day0_CGCGGTACATCGGTTA-1	6
asc.day0_CGCGGTATCAATAAGG-1	1
asc.day0_CGCGTTTCAGCGATCC-1	2
asc.day0_CGCTATCGTAGCACGA-1	1
asc.day0_CGCTATCGTAGGCATG-1	6
asc.day0_CGCTATCTCACCCGAG-1	1
asc.day0_CGCTATCTCCTTCAAT-1	5
asc.day0_CGCTTCAAGAGAACAG-1	6
asc.day0_CGGACGTAGCCGATTT-1	2
asc.day0_CGGACTGAGAAGGGTA-1	1
asc.day0_CGGACTGAGTTGTCGT-1	2
asc.day0_CGGACTGGTCTAGCGC-1	5
asc.day0_CGGAGCTGTCTTGTCC-1	8
asc.day0_CGGAGTCCACAGGAGT-1	3
asc.day0_CGGCTAGAGTTGTCGT-1	2
asc.day0_CGGGTCACACAAGTAA-1	5
asc.day0_CGGGTCAGTCTGGAGA-1	1
asc.day0_CGGTTAAGTTTAGCTG-1	1
asc.day0_CGTAGCGAGTCATCCA-1	3
asc.day0_CGTAGCGCAAGGGTCA-1	2
asc.day0_CGTAGCGCACCCATTC-1	4
asc.day0_CGTAGCGGTCCGACGT-1	6
asc.day0_CGTAGGCGTTACAGAA-1	4
asc.day0_CGTAGGCTCCTAGTGA-1	2
asc.day0_CGTCCATGTTCGGGCT-1	2
asc.day0_CGTCTACTCAGTGTTG-1	1
asc.day0_CGTCTACTCTTGCAAG-1	1
asc.day0_CGTGAGCCACACGCTG-1	5
asc.day0_CGTGAGCGTACTTCTT-1	1
asc.day0_CGTGAGCGTAGGCTGA-1	2
asc.day0_CGTGTAAGTACCCAAT-1	7
asc.day0_CGTGTCTAGACAAAGG-1	2
asc.day0_CGTGTCTAGTAGCGGT-1	5
asc.day0_CGTTAGAGTGTTTGTG-1	6
asc.day0_CGTTCTGAGCACCGTC-1	7
asc.day0_CGTTCTGCATCACGTA-1	4
asc.day0_CGTTCTGTCGTTACGA-1	3
asc.day0_CGTTGGGAGCTCCCAG-1	4
asc.day0_CGTTGGGGTGGCGAAT-1	6
asc.day0_CTAACTTCACCATGTA-1	5
asc.day0_CTAACTTTCAGTCAGT-1	2
asc.day0_CTAAGACCATGGGAAC-1	4
asc.day0_CTAATGGCATCGGGTC-1	1
asc.day0_CTAATGGGTACAGCAG-1	5
asc.day0_CTACATTAGCGTTCCG-1	1
asc.day0_CTACATTCACATTTCT-1	1
asc.day0_CTACATTCAGGGAGAG-1	1
asc.day0_CTACCCAAGGCCATAG-1	1
asc.day0_CTACCCACATTGGCGC-1	3
asc.day0_CTACGTCGTCTGCCAG-1	5
asc.day0_CTACGTCGTCTTGATG-1	1
asc.day0_CTACGTCTCGGAGGTA-1	3
asc.day0_CTACGTCTCTTGCCGT-1	5
asc.day0_CTAGAGTTCGCTTGTC-1	7
asc.day0_CTAGCCTAGACTAAGT-1	7
asc.day0_CTAGCCTCAACTTGAC-1	1
asc.day0_CTAGCCTCAGTCACTA-1	1
asc.day0_CTAGCCTGTTCGTTGA-1	1
asc.day0_CTAGCCTTCTTTACGT-1	6
asc.day0_CTAGTGAAGATATGGT-1	1
asc.day0_CTAGTGAGTGCGGTAA-1	1
asc.day0_CTCACACGTCGAGATG-1	1
asc.day0_CTCACACTCGTACGGC-1	5
asc.day0_CTCAGAAAGACACGAC-1	1
asc.day0_CTCAGAATCTTCGAGA-1	1
asc.day0_CTCATTATCATTGCCC-1	2
asc.day0_CTCCTAGAGCCGGTAA-1	6
asc.day0_CTCCTAGTCCGCAAGC-1	3
asc.day0_CTCCTAGTCTATGTGG-1	6
asc.day0_CTCCTAGTCTTAGCCC-1	1
asc.day0_CTCGAAACAGACGCTC-1	2
asc.day0_CTCGAAAGTGATAAAC-1	1
asc.day0_CTCGAGGCAAGTTCTG-1	5
asc.day0_CTCGGAGAGGCTAGCA-1	6
asc.day0_CTCGGAGGTCCGAAGA-1	3
asc.day0_CTCGGAGTCAACCAAC-1	5
asc.day0_CTCGGGACAATAGCGG-1	4
asc.day0_CTCGGGACAGGACCCT-1	6
asc.day0_CTCGGGAGTCTACCTC-1	6
asc.day0_CTCGGGATCTTGTATC-1	1
asc.day0_CTCGTACAGGAGTCTG-1	2
asc.day0_CTCGTACTCACGCGGT-1	1
asc.day0_CTCGTCAAGGTGATTA-1	5
asc.day0_CTCGTCAAGTGACTCT-1	1
asc.day0_CTCGTCACATTATCTC-1	1
asc.day0_CTCTAATAGCAACGGT-1	6
asc.day0_CTCTAATCAAACTGTC-1	3
asc.day0_CTCTGGTAGAGACTTA-1	7
asc.day0_CTCTGGTAGCGCTTAT-1	1
asc.day0_CTCTGGTCAATACGCT-1	3
asc.day0_CTCTGGTCACGGACAA-1	5
asc.day0_CTCTGGTTCACAGGCC-1	5
asc.day0_CTGAAACGTGTTCTTT-1	5
asc.day0_CTGAAGTAGCCAGAAC-1	1
asc.day0_CTGAAGTAGGCAAAGA-1	7
asc.day0_CTGAAGTCACACCGAC-1	1
asc.day0_CTGAAGTTCATTGCGA-1	7
asc.day0_CTGATCCAGACCTAGG-1	8
asc.day0_CTGCCTACAAAGAATC-1	2
asc.day0_CTGCCTAGTCGAATCT-1	5
asc.day0_CTGCGGACAAGCCCAC-1	4
asc.day0_CTGCGGATCTGGTTCC-1	5
asc.day0_CTGGTCTAGCCGGTAA-1	1
asc.day0_CTGGTCTAGTAACCCT-1	1
asc.day0_CTGTGCTCAGGGTTAG-1	5
asc.day0_CTGTGCTCATCCCATC-1	2
asc.day0_CTGTGCTTCGAGGTAG-1	3
asc.day0_CTGTTTACACATCTTT-1	1
asc.day0_CTTAACTCATGAACCT-1	1
asc.day0_CTTACCGAGTGTTTGC-1	1
asc.day0_CTTAGGAAGATGCCAG-1	2
asc.day0_CTTCTCTAGACTGGGT-1	3
asc.day0_CTTCTCTTCACTATTC-1	5
asc.day0_CTTCTCTTCAGTGTTG-1	1
asc.day0_CTTCTCTTCCAAGTAC-1	6
asc.day0_CTTGGCTAGATCGGGT-1	5
asc.day0_CTTGGCTAGCCAGGAT-1	1
asc.day0_CTTGGCTCATCAGTAC-1	5
asc.day0_CTTGGCTGTACTCTCC-1	1
asc.day0_CTTTGCGCACGGCTAC-1	3
asc.day0_CTTTGCGCATACGCTA-1	1
asc.day0_GAAATGAGTCGTGGCT-1	1
asc.day0_GAACATCAGCGCCTCA-1	4
asc.day0_GAACATCAGCGCTTAT-1	2
asc.day0_GAACATCCAGGCGATA-1	2
asc.day0_GAACCTAGTAGTACCT-1	1
asc.day0_GAAGCAGAGCACCGTC-1	5
asc.day0_GAAGCAGAGGACAGAA-1	4
asc.day0_GAAGCAGAGGCATTGG-1	3
asc.day0_GAAGCAGAGGCCGAAT-1	1
asc.day0_GAAGCAGGTACCGAGA-1	7
asc.day0_GAAGCAGTCAGTTTGG-1	6
asc.day0_GAAGCAGTCGAATGGG-1	2
asc.day0_GAATAAGAGTCGTACT-1	4
asc.day0_GAATAAGGTAGAGCTG-1	5
asc.day0_GAATAAGGTCACAAGG-1	1
asc.day0_GAATGAAAGGAGCGTT-1	2
asc.day0_GACAGAGGTCTCCCTA-1	7
asc.day0_GACCAATGTTAGGGTG-1	3
asc.day0_GACCAATTCCTAGGGC-1	1
asc.day0_GACCTGGAGTAACCCT-1	5
asc.day0_GACCTGGTCTTATCTG-1	1
asc.day0_GACGCGTAGTTATCGC-1	3
asc.day0_GACGGCTCACATAACC-1	2
asc.day0_GACGTGCAGTGCCATT-1	4
asc.day0_GACGTGCCATGCCTAA-1	5
asc.day0_GACGTTAAGCGTAATA-1	2
asc.day0_GACGTTAAGTGAACAT-1	5
asc.day0_GACGTTAAGTGTACTC-1	6
asc.day0_GACGTTACAGCCTGTG-1	1
asc.day0_GACGTTAGTACAGTGG-1	1
asc.day0_GACTAACAGATGCCTT-1	5
asc.day0_GACTAACCACGTCTCT-1	4
asc.day0_GACTAACGTAGATTAG-1	6
asc.day0_GACTAACTCAGGTAAA-1	2
asc.day0_GACTAACTCCCATTAT-1	2
asc.day0_GACTACACAAGCTGGA-1	4
asc.day0_GACTACACAGTAAGAT-1	5
asc.day0_GACTGCGAGTGTCCCG-1	2
asc.day0_GACTGCGGTACCTACA-1	2
asc.day0_GAGCAGAAGCTAGTTC-1	2
asc.day0_GAGGTGAAGAGGACGG-1	3
asc.day0_GAGGTGAAGGTAGCCA-1	3
asc.day0_GAGGTGACAACTGGCC-1	2
asc.day0_GAGGTGACAATGACCT-1	6
asc.day0_GAGGTGATCAAACCGT-1	5
asc.day0_GAGTCCGTCAATCTCT-1	6
asc.day0_GAGTCCGTCTAGAGTC-1	4
asc.day0_GATCAGTGTTCTGAAC-1	6
asc.day0_GATCGATTCATGTCTT-1	5
asc.day0_GATCGTAAGTCATGCT-1	5
asc.day0_GATCGTACAACAACCT-1	6
asc.day0_GATCGTACAAGCTGAG-1	5
asc.day0_GATCGTACACCAGATT-1	2
asc.day0_GATCGTACAGGGAGAG-1	4
asc.day0_GATCTAGAGGTCGGAT-1	5
asc.day0_GATCTAGAGTCATGCT-1	3
asc.day0_GATCTAGCACAGACAG-1	1
asc.day0_GATGAAAGTAAATGAC-1	1
asc.day0_GATGAGGCACACATGT-1	1
asc.day0_GATGAGGGTTAGGGTG-1	1
asc.day0_GATGCTACAAGGTTCT-1	4
asc.day0_GATTCAGCACTTCTGC-1	1
asc.day0_GATTCAGCAGTCGATT-1	6
asc.day0_GATTCAGGTACTCGCG-1	3
asc.day0_GATTCAGGTCGTTGTA-1	1
asc.day0_GCAAACTAGATAGCAT-1	1
asc.day0_GCAATCAAGCTAGTGG-1	3
asc.day0_GCACATAGTACTCGCG-1	4
asc.day0_GCACATATCCCTAATT-1	4
asc.day0_GCACTCTGTCGAAAGC-1	2
asc.day0_GCAGCCACAGTGAGTG-1	1
asc.day0_GCAGCCACATGGAATA-1	4
asc.day0_GCAGTTACAAGTCTAC-1	5
asc.day0_GCAGTTAGTATTCTCT-1	1
asc.day0_GCATACAAGGCAAAGA-1	2
asc.day0_GCATACAGTTGCTCCT-1	5
asc.day0_GCATGATAGGGAGTAA-1	5
asc.day0_GCATGATCATGCTAGT-1	3
asc.day0_GCATGATGTGAGCGAT-1	1
asc.day0_GCATGATTCAGAAATG-1	3
asc.day0_GCATGATTCAGTCCCT-1	7
asc.day0_GCATGCGAGGCGTACA-1	2
asc.day0_GCATGCGCAATAAGCA-1	1
asc.day0_GCATGCGGTCGCGGTT-1	4
asc.day0_GCATGTAGTCAAAGCG-1	3
asc.day0_GCCAAATAGCGAAGGG-1	1
asc.day0_GCCAAATCAAAGTCAA-1	2
asc.day0_GCCAAATCAACGATCT-1	4
asc.day0_GCCAAATCAGTCCTTC-1	6
asc.day0_GCCAAATGTGCAGACA-1	2
asc.day0_GCCTCTAGTCCGTGAC-1	2
asc.day0_GCCTCTAGTCCTGCTT-1	1
asc.day0_GCGAGAAAGTGTGGCA-1	1
asc.day0_GCGCAACAGGTGATAT-1	1
asc.day0_GCGCAACCAAGGACAC-1	6
asc.day0_GCGCAGTCAAGCGCTC-1	2
asc.day0_GCGCAGTGTACCGAGA-1	2
asc.day0_GCGCAGTGTCTCTCGT-1	2
asc.day0_GCGCAGTTCCGCATAA-1	3
asc.day0_GCGGGTTTCGGCTACG-1	4
asc.day0_GCTCCTACAAGCGATG-1	1
asc.day0_GCTCCTAGTTATCCGA-1	5
asc.day0_GCTCTGTGTAGGACAC-1	1
asc.day0_GCTCTGTGTCTGATTG-1	7
asc.day0_GCTGCAGAGAGGTAGA-1	1
asc.day0_GCTGCAGAGCTATGCT-1	3
asc.day0_GCTGCGACATGTCGAT-1	5
asc.day0_GCTGCGATCGTATCAG-1	1
asc.day0_GCTGCGATCTCGATGA-1	6
asc.day0_GCTGCTTGTATAATGG-1	1
asc.day0_GCTGGGTAGATCGATA-1	5
asc.day0_GCTTGAAGTACATGTC-1	4
asc.day0_GGAAAGCCATGAAGTA-1	3
asc.day0_GGAACTTAGTGTACTC-1	4
asc.day0_GGAACTTCAACACCCG-1	2
asc.day0_GGAACTTCATAGACTC-1	5
asc.day0_GGAACTTGTCCCGACA-1	2
asc.day0_GGAACTTGTGGCAAAC-1	1
asc.day0_GGAATAAAGTGACATA-1	2
asc.day0_GGAATAACAGTACACT-1	4
asc.day0_GGAATAATCGCAAACT-1	1
asc.day0_GGACAAGCATGAACCT-1	4
asc.day0_GGACAGAGTAGGAGTC-1	2
asc.day0_GGACATTCACATCTTT-1	7
asc.day0_GGACATTCACGAGAGT-1	4
asc.day0_GGACGTCGTACGACCC-1	4
asc.day0_GGACGTCGTTCCATGA-1	3
asc.day0_GGAGCAATCTAACCGA-1	7
asc.day0_GGATGTTAGGCCCTTG-1	5
asc.day0_GGATGTTGTGCTTCTC-1	2
asc.day0_GGATGTTGTTCCACAA-1	5
asc.day0_GGATTACTCACCTCGT-1	1
asc.day0_GGCAATTTCTAGCACA-1	1
asc.day0_GGCCGATGTTCACCTC-1	1
asc.day0_GGCGACTAGCGTTGCC-1	7
asc.day0_GGCGTGTTCCAAGCCG-1	5
asc.day0_GGCGTGTTCTGGCGAC-1	4
asc.day0_GGCTGGTAGAAGGTGA-1	3
asc.day0_GGCTGGTAGCTAGGCA-1	1
asc.day0_GGCTGGTTCCCGGATG-1	1
asc.day0_GGGACCTCAAGCCATT-1	5
asc.day0_GGGACCTCAAGCGTAG-1	3
asc.day0_GGGAGATAGAGGGCTT-1	3
asc.day0_GGGAGATCACAGAGGT-1	7
asc.day0_GGGATGACATCAGTAC-1	7
asc.day0_GGGCACTCAACAACCT-1	2
asc.day0_GGGTCTGAGTGTTAGA-1	1
asc.day0_GGGTTGCGTGAACCTT-1	2
asc.day0_GGGTTGCTCGGTTAAC-1	6
asc.day0_GGTATTGAGCCCAATT-1	3
asc.day0_GGTATTGAGTATCGAA-1	3
asc.day0_GGTATTGCACATAACC-1	6
asc.day0_GGTATTGGTCCAACTA-1	3
asc.day0_GGTATTGGTGCGCTTG-1	2
asc.day0_GGTATTGGTTCGTCTC-1	6
asc.day0_GGTGAAGAGGCGTACA-1	1
asc.day0_GGTGAAGTCTGGCGTG-1	1
asc.day0_GGTGCGTCACCACGTG-1	1
asc.day0_GGTGCGTGTTTAAGCC-1	3
asc.day0_GGTGTTAAGCGTGTCC-1	4
asc.day0_GGTGTTAAGTCACGCC-1	1
asc.day0_GGTGTTACATCCGCGA-1	2
asc.day0_GGTGTTATCTGATTCT-1	1
asc.day0_GTAACGTGTATAATGG-1	7
asc.day0_GTAACGTTCGAGAACG-1	6
asc.day0_GTAACGTTCTGGGCCA-1	2
asc.day0_GTAACTGGTTGTCTTT-1	5
asc.day0_GTAACTGTCATAACCG-1	1
asc.day0_GTACGTAAGAAGGCCT-1	6
asc.day0_GTACGTAGTCTTTCAT-1	1
asc.day0_GTACGTATCTCTAAGG-1	1
asc.day0_GTACTCCAGCTAGGCA-1	2
asc.day0_GTACTTTCAAGGACAC-1	1
asc.day0_GTACTTTCACGGATAG-1	7
asc.day0_GTACTTTCAGCTGTAT-1	2
asc.day0_GTACTTTTCTGGCGAC-1	3
asc.day0_GTAGGCCAGTGGTCCC-1	7
asc.day0_GTAGTCACACGTCAGC-1	5
asc.day0_GTAGTCACATATGGTC-1	6
asc.day0_GTAGTCAGTGCGAAAC-1	5
asc.day0_GTAGTCATCCACGAAT-1	1
asc.day0_GTATCTTAGGATGGTC-1	5
asc.day0_GTATCTTAGTGCGTGA-1	1
asc.day0_GTATTCTCAGCCTTTC-1	1
asc.day0_GTCAAGTGTTAGATGA-1	4
asc.day0_GTCAAGTTCCGCGGTA-1	6
asc.day0_GTCACAAAGAATGTTG-1	5
asc.day0_GTCACAAAGTTAGGTA-1	6
asc.day0_GTCACAACAGTGGGAT-1	2
asc.day0_GTCACAACATCGGAAG-1	1
asc.day0_GTCACAAGTGCATCTA-1	4
asc.day0_GTCACAAGTTCTGTTT-1	2
asc.day0_GTCATTTAGCTCCCAG-1	2
asc.day0_GTCATTTAGGCCGAAT-1	1
asc.day0_GTCATTTTCGTGGGAA-1	6
asc.day0_GTCCTCACAGTAAGAT-1	4
asc.day0_GTCGGGTCAATAACGA-1	2
asc.day0_GTCGTAAAGAGGTACC-1	3
asc.day0_GTCGTAAAGCGAAGGG-1	1
asc.day0_GTCGTAACACCAGATT-1	7
asc.day0_GTCTCGTCAGTCAGAG-1	1
asc.day0_GTCTCGTCATCCGGGT-1	6
asc.day0_GTCTTCGGTAGTACCT-1	3
asc.day0_GTGAAGGTCTGCCCTA-1	2
asc.day0_GTGCAGCAGCGTTGCC-1	7
asc.day0_GTGCAGCAGGGAGTAA-1	2
asc.day0_GTGCAGCGTCTTGATG-1	2
asc.day0_GTGCATAAGGTAGCCA-1	1
asc.day0_GTGCATACATCGATGT-1	6
asc.day0_GTGCGGTTCAACGGCC-1	2
asc.day0_GTGCTTCTCGGTCTAA-1	2
asc.day0_GTGGGTCAGGCTCATT-1	3
asc.day0_GTGGGTCTCACCAGGC-1	1
asc.day0_GTGTGCGCATGACATC-1	2
asc.day0_GTGTGCGTCTAACTCT-1	5
asc.day0_GTGTTAGCATTACGAC-1	5
asc.day0_GTGTTAGTCCTTTCGG-1	1
asc.day0_GTTAAGCCATGCAACT-1	6
asc.day0_GTTAAGCGTATATCCG-1	1
asc.day0_GTTACAGGTTCGTCTC-1	6
asc.day0_GTTCATTAGTGAAGTT-1	3
asc.day0_GTTCATTTCTTGTTTG-1	3
asc.day0_GTTCGGGCATCGGTTA-1	4
asc.day0_GTTCTCGGTGGAAAGA-1	7
asc.day0_GTTTCTAGTGTGTGCC-1	6
asc.day0_TAAACCGAGAGCCTAG-1	6
asc.day0_TAAACCGTCTGCAAGT-1	1
asc.day0_TAAGAGATCAGCGACC-1	1
asc.day0_TAAGAGATCGTAGATC-1	2
asc.day0_TAAGCGTCACCTTGTC-1	6
asc.day0_TAAGCGTCATTCTTAC-1	3
asc.day0_TAAGCGTTCCTGCTTG-1	6
asc.day0_TAAGTGCGTCGGCATC-1	5
asc.day0_TACACGAGTCGGCATC-1	5
asc.day0_TACACGATCACCACCT-1	1
asc.day0_TACACGATCACGACTA-1	1
asc.day0_TACAGTGCAAGGTTTC-1	1
asc.day0_TACAGTGCATCGTCGG-1	2
asc.day0_TACCTATTCTGGCGTG-1	1
asc.day0_TACCTTAAGAATGTGT-1	4
asc.day0_TACCTTAAGTAGCCGA-1	7
asc.day0_TACCTTAGTGTCCTCT-1	5
asc.day0_TACGGATCACGGCCAT-1	1
asc.day0_TACGGATTCCACTCCA-1	4
asc.day0_TACGGATTCTGGTTCC-1	1
asc.day0_TACGGGCGTACAGTTC-1	4
asc.day0_TACGGGCTCTTGACGA-1	7
asc.day0_TACGGTAAGGCCCTCA-1	1
asc.day0_TACGGTACATTGGCGC-1	3
asc.day0_TACGGTAGTCACAAGG-1	5
asc.day0_TACGGTAGTCGCTTCT-1	1
asc.day0_TACGGTATCCGAATGT-1	3
asc.day0_TACGGTATCGTAGGTT-1	3
asc.day0_TACTCATAGCGTCTAT-1	1
asc.day0_TACTCATCAGGGATTG-1	1
asc.day0_TACTCATGTAAATACG-1	3
asc.day0_TACTCATGTGAAAGAG-1	1
asc.day0_TACTCATGTTCCGGCA-1	1
asc.day0_TACTCATTCGTGGTCG-1	1
asc.day0_TACTCGCTCCCAGGTG-1	2
asc.day0_TACTTACCACGAAACG-1	1
asc.day0_TACTTACGTTAGAACA-1	4
asc.day0_TACTTACTCTTACCTA-1	2
asc.day0_TACTTGTAGTCATCCA-1	2
asc.day0_TACTTGTGTGTTGGGA-1	1
asc.day0_TACTTGTTCGGAAATA-1	3
asc.day0_TAGACCAGTTCACGGC-1	3
asc.day0_TAGAGCTAGCTCCTCT-1	2
asc.day0_TAGCCGGAGGCGCTCT-1	3
asc.day0_TAGCCGGCAGGTCTCG-1	2
asc.day0_TAGGCATGTAAGCACG-1	3
asc.day0_TAGGCATGTACTTAGC-1	1
asc.day0_TAGGCATTCTGGCGTG-1	2
asc.day0_TAGTGGTTCCGTAGTA-1	1
asc.day0_TAGTTGGAGTATCGAA-1	1
asc.day0_TATCAGGGTCTCCCTA-1	6
asc.day0_TATCTCAGTAAATGAC-1	4
asc.day0_TATGCCCCAGGAATCG-1	6
asc.day0_TATTACCCACTTACGA-1	1
asc.day0_TATTACCGTGGACGAT-1	5
asc.day0_TATTACCTCAGTGTTG-1	1
asc.day0_TCAACGAGTAAGGGAA-1	1
asc.day0_TCACGAAAGGCAATTA-1	3
asc.day0_TCAGATGAGTCGTACT-1	1
asc.day0_TCAGATGCACTCTGTC-1	1
asc.day0_TCAGCAAAGCCTATGT-1	1
asc.day0_TCAGCTCAGACAAAGG-1	2
asc.day0_TCAGCTCAGACCCACC-1	2
asc.day0_TCAGCTCTCAGGATCT-1	4
asc.day0_TCAGGTAAGGTAGCCA-1	1
asc.day0_TCAGGTAAGTGATCGG-1	1
asc.day0_TCAGGTACAGTATGCT-1	6
asc.day0_TCATTACAGATAGTCA-1	4
asc.day0_TCATTACCACATGACT-1	2
asc.day0_TCATTACCATCACGTA-1	2
asc.day0_TCATTACGTCCCTACT-1	1
asc.day0_TCATTTGAGTTACGGG-1	6
asc.day0_TCATTTGCAAGGGTCA-1	4
asc.day0_TCATTTGCAGTAAGAT-1	5
asc.day0_TCCACACTCAAGCCTA-1	5
asc.day0_TCCACACTCGTCTGCT-1	1
asc.day0_TCCCGATTCATGTAGC-1	1
asc.day0_TCGAGGCGTCCCGACA-1	7
asc.day0_TCGAGGCTCACCTCGT-1	6
asc.day0_TCGCGAGCATCGGACC-1	7
asc.day0_TCGCGAGGTCCAGTTA-1	3
asc.day0_TCGCGTTAGAGACTAT-1	5
asc.day0_TCGCGTTGTCCTAGCG-1	6
asc.day0_TCGCGTTGTCTCTTAT-1	5
asc.day0_TCGGGACTCTTTACAC-1	1
asc.day0_TCGGTAAAGTGACATA-1	3
asc.day0_TCGGTAAGTACGCACC-1	6
asc.day0_TCGGTAAGTTGGAGGT-1	1
asc.day0_TCGGTAATCCGCATAA-1	1
asc.day0_TCGGTAATCCTGCTTG-1	3
asc.day0_TCGTACCTCCTCCTAG-1	4
asc.day0_TCGTACCTCTACTCAT-1	1
asc.day0_TCGTAGAGTTGGGACA-1	1
asc.day0_TCGTAGATCTATGTGG-1	5
asc.day0_TCTATTGAGTGGGATC-1	1
asc.day0_TCTATTGTCAAAGACA-1	2
asc.day0_TCTATTGTCTGTACGA-1	4
asc.day0_TCTCATAGTAGCTGCC-1	1
asc.day0_TCTCTAAGTATATGAG-1	6
asc.day0_TCTCTAATCCAGTATG-1	1
asc.day0_TCTGAGAAGCTAAGAT-1	1
asc.day0_TCTGAGAGTCAAAGCG-1	1
asc.day0_TCTGAGAGTCCTCCAT-1	2
asc.day0_TCTGGAAGTATGCTTG-1	2
asc.day0_TCTTCGGAGTGGGATC-1	4
asc.day0_TCTTCGGTCATATCGG-1	1
asc.day0_TCTTTCCTCGTGGGAA-1	2
asc.day0_TGAAAGATCGAATGCT-1	1
asc.day0_TGACAACAGGCCGAAT-1	1
asc.day0_TGACGGCAGATCTGCT-1	6
asc.day0_TGACGGCGTGCTCTTC-1	2
asc.day0_TGACGGCTCGCACTCT-1	3
asc.day0_TGACTAGCATCTGGTA-1	1
asc.day0_TGACTAGTCTTTCCTC-1	3
asc.day0_TGACTTTAGCGTAGTG-1	1
asc.day0_TGACTTTCAATTCCTT-1	4
asc.day0_TGACTTTCAGCAGTTT-1	4
asc.day0_TGACTTTTCGCGTAGC-1	1
asc.day0_TGACTTTTCTGCAAGT-1	1
asc.day0_TGAGAGGCACGTTGGC-1	1
asc.day0_TGAGAGGGTGAGGCTA-1	1
asc.day0_TGAGCATAGCTGAAAT-1	3
asc.day0_TGAGCATAGTTACCCA-1	1
asc.day0_TGAGCATAGTTGTAGA-1	3
asc.day0_TGAGCATCAATAGCAA-1	5
asc.day0_TGAGCATCATGTCTCC-1	1
asc.day0_TGAGCCGGTACTTCTT-1	3
asc.day0_TGAGCCGGTCTCTCGT-1	4
asc.day0_TGAGGGAAGAGGACGG-1	1
asc.day0_TGAGGGATCGCCAGCA-1	7
asc.day0_TGCACCTAGGGTTTCT-1	2
asc.day0_TGCACCTCAACTGCGC-1	7
asc.day0_TGCACCTCATTTGCTT-1	1
asc.day0_TGCACCTGTATAAACG-1	1
asc.day0_TGCACCTGTTTGTTTC-1	6
asc.day0_TGCCAAACACACCGAC-1	3
asc.day0_TGCCAAACAGTCAGAG-1	2
asc.day0_TGCCCATAGAGGTTAT-1	6
asc.day0_TGCCCATCAGTATAAG-1	3
asc.day0_TGCCCATGTCACACGC-1	7
asc.day0_TGCCCATGTTGTCTTT-1	2
asc.day0_TGCGCAGAGCGATTCT-1	6
asc.day0_TGCGCAGAGGTGGGTT-1	1
asc.day0_TGCGCAGTCTTTACGT-1	4
asc.day0_TGCGGGTAGCTGTCTA-1	6
asc.day0_TGCGGGTGTGCCTGTG-1	2
asc.day0_TGCGGGTGTTTGCATG-1	6
asc.day0_TGCGGGTTCTAAGCCA-1	2
asc.day0_TGCGTGGGTCGGCATC-1	4
asc.day0_TGCGTGGGTGCACCAC-1	1
asc.day0_TGCTACCAGTTCGCGC-1	2
asc.day0_TGCTACCCAACGATGG-1	5
asc.day0_TGCTACCTCTGGCGTG-1	5
asc.day0_TGCTGCTAGGCTAGGT-1	3
asc.day0_TGCTGCTAGTACGCGA-1	7
asc.day0_TGCTGCTAGTGTACGG-1	2
asc.day0_TGCTGCTTCAGCAACT-1	4
asc.day0_TGCTGCTTCCTAGTGA-1	2
asc.day0_TGGACGCAGGCATGTG-1	3
asc.day0_TGGACGCAGGGCATGT-1	1
asc.day0_TGGCCAGGTCATACTG-1	2
asc.day0_TGGCTGGCATCAGTCA-1	7
asc.day0_TGGCTGGGTCGAGTTT-1	2
asc.day0_TGGGAAGCATTTCACT-1	7
asc.day0_TGGGAAGTCCTTCAAT-1	6
asc.day0_TGGGCGTAGCGAGAAA-1	4
asc.day0_TGGGCGTTCAGTGCAT-1	2
asc.day0_TGGGCGTTCGTAGGTT-1	4
asc.day0_TGGTTAGAGTATTGGA-1	1
asc.day0_TGGTTAGCAGCTCCGA-1	1
asc.day0_TGGTTAGGTTGGTGGA-1	5
asc.day0_TGGTTAGTCGCCGTGA-1	4
asc.day0_TGGTTCCAGCAATATG-1	2
asc.day0_TGGTTCCCAAGGTTTC-1	5
asc.day0_TGGTTCCCACACCGAC-1	6
asc.day0_TGGTTCCGTTCTGTTT-1	1
asc.day0_TGGTTCCTCTCGCATC-1	5
asc.day0_TGTATTCCAACACCTA-1	1
asc.day0_TGTATTCCAATGAATG-1	7
asc.day0_TGTATTCCACGTGAGA-1	6
asc.day0_TGTATTCGTTCCGTCT-1	6
asc.day0_TGTCCCACAGCCACCA-1	1
asc.day0_TGTCCCAGTCTCACCT-1	7
asc.day0_TGTCCCAGTCTCTCTG-1	2
asc.day0_TGTGGTAAGCTGTTCA-1	5
asc.day0_TGTGGTACACACCGAC-1	1
asc.day0_TGTGGTAGTGCCTGGT-1	3
asc.day0_TGTGGTATCACCCTCA-1	1
asc.day0_TGTGGTATCCAGTATG-1	2
asc.day0_TGTGTTTAGTCAAGCG-1	1
asc.day0_TGTTCCGTCGTGGTCG-1	1
asc.day0_TTAACTCCAAACCTAC-1	1
asc.day0_TTAACTCCACCTTGTC-1	2
asc.day0_TTAACTCCACTAGTAC-1	3
asc.day0_TTAGGACAGCGTCTAT-1	3
asc.day0_TTAGGACAGTCCGGTC-1	2
asc.day0_TTAGGACCAGCCACCA-1	5
asc.day0_TTAGGACCAGGCTGAA-1	4
asc.day0_TTAGGCACATGTCTCC-1	3
asc.day0_TTAGGCATCAAGCCTA-1	2
asc.day0_TTAGGCATCCAAACAC-1	5
asc.day0_TTAGGCATCCTTCAAT-1	2
asc.day0_TTAGTTCTCAGGTTCA-1	3
asc.day0_TTAGTTCTCGAATGGG-1	4
asc.day0_TTATGCTAGCGTAGTG-1	6
asc.day0_TTATGCTGTCGCTTCT-1	1
asc.day0_TTCCCAGAGGTGATTA-1	7
asc.day0_TTCCCAGTCGTGGACC-1	3
asc.day0_TTCCCAGTCTAACTGG-1	5
asc.day0_TTCCCAGTCTGAGGGA-1	2
asc.day0_TTCGAAGGTGGGTCAA-1	3
asc.day0_TTCGAAGGTTAAAGAC-1	7
asc.day0_TTCGGTCAGTGACATA-1	2
asc.day0_TTCGGTCGTGACCAAG-1	1
asc.day0_TTCGGTCTCACAGGCC-1	1
asc.day0_TTCTACACAAAGCAAT-1	3
asc.day0_TTCTACAGTAAGGGAA-1	6
asc.day0_TTCTACAGTCGTGGCT-1	6
asc.day0_TTCTCAACATCCCACT-1	2
asc.day0_TTCTCAAGTCCGTGAC-1	5
asc.day0_TTCTCAATCTACTATC-1	5
asc.day0_TTCTCCTAGCGTAATA-1	1
asc.day0_TTCTCCTCAGAAGCAC-1	4
asc.day0_TTCTTAGAGCTATGCT-1	5
asc.day0_TTCTTAGAGTACATGA-1	4
asc.day0_TTCTTAGAGTGTTAGA-1	1
asc.day0_TTCTTAGCACCACCAG-1	2
asc.day0_TTCTTAGCAGAAGCAC-1	1
asc.day0_TTCTTAGGTTTCGCTC-1	4
asc.day0_TTCTTAGTCCCTGACT-1	1
asc.day0_TTCTTAGTCTAAGCCA-1	2
asc.day0_TTGAACGCAATGAAAC-1	5
asc.day0_TTGAACGCACTAGTAC-1	4
asc.day0_TTGAACGCAGATGAGC-1	5
asc.day0_TTGAACGGTCTTCTCG-1	3
asc.day0_TTGAACGGTGATGATA-1	7
asc.day0_TTGAACGGTTACTGAC-1	2
asc.day0_TTGAACGTCCTAGAAC-1	7
asc.day0_TTGACTTAGAGTACAT-1	1
asc.day0_TTGACTTAGCTAGGCA-1	2
asc.day0_TTGACTTAGTGACTCT-1	2
asc.day0_TTGACTTCAAAGAATC-1	4
asc.day0_TTGACTTCATGTAGTC-1	3
asc.day0_TTGACTTGTCGGCACT-1	6
asc.day0_TTGACTTGTGTGAAAT-1	4
asc.day0_TTGACTTGTTATGCGT-1	2
asc.day0_TTGCCGTCAATCGGTT-1	2
asc.day0_TTGCCGTGTATAAACG-1	1
asc.day0_TTGCCGTGTGATAAGT-1	6
asc.day0_TTGGAACTCGTCCGTT-1	2
asc.day0_TTGGCAAGTCGCGTGT-1	5
asc.day0_TTGGCAAGTGTTTGGT-1	6
asc.day0_TTGGCAATCTTACCGC-1	5
asc.day0_TTTATGCGTTCCGTCT-1	1
asc.day0_TTTCCTCAGATCACGG-1	5
asc.day0_TTTCCTCAGGATGGAA-1	1
asc.day0_TTTCCTCCAGGAATGC-1	2
asc.day0_TTTCCTCGTCATGCAT-1	1
asc.day0_TTTGCGCAGGTGCTAG-1	4
asc.day0_TTTGGTTGTATAGGGC-1	1
asc.day0_TTTGGTTGTCCAAGTT-1	6
beige.day1_AAACGGGAGAATTGTG-1	6
beige.day1_AAACGGGCATCTCGCT-1	1
beige.day1_AAACGGGCATGCGCAC-1	7
beige.day1_AAACGGGTCCGTTGTC-1	8
beige.day1_AAAGATGAGACCACGA-1	6
beige.day1_AAAGATGAGATGTGGC-1	6
beige.day1_AAAGATGAGTGGCACA-1	7
beige.day1_AAAGATGCACCGTTGG-1	6
beige.day1_AAAGATGCACTACAGT-1	6
beige.day1_AAAGCAACACTGTGTA-1	6
beige.day1_AAAGTAGAGATGCCTT-1	1
beige.day1_AAAGTAGAGATGGCGT-1	6
beige.day1_AAATGCCAGAGTAAGG-1	7
beige.day1_AAATGCCAGCGTGAAC-1	7
beige.day1_AAATGCCCACACTGCG-1	4
beige.day1_AAATGCCGTGCAGTAG-1	7
beige.day1_AAATGCCGTTGACGTT-1	5
beige.day1_AACACGTAGCGACGTA-1	7
beige.day1_AACACGTCACTGTGTA-1	7
beige.day1_AACACGTGTGCTGTAT-1	10
beige.day1_AACCATGAGAATGTTG-1	6
beige.day1_AACCATGAGCCCAGCT-1	7
beige.day1_AACCATGAGGAATTAC-1	4
beige.day1_AACCATGAGTACACCT-1	7
beige.day1_AACCATGGTTGGACCC-1	10
beige.day1_AACGTTGTCCTTGACC-1	7
beige.day1_AACGTTGTCTGCTTGC-1	6
beige.day1_AACTCAGAGGACATTA-1	6
beige.day1_AACTCAGCACCGTTGG-1	7
beige.day1_AACTCAGGTCCGTGAC-1	6
beige.day1_AACTCCCAGCGTCAAG-1	6
beige.day1_AACTCCCTCGATCCCT-1	9
beige.day1_AACTCTTAGCATGGCA-1	4
beige.day1_AACTCTTTCTTGTATC-1	6
beige.day1_AACTGGTGTAATTGGA-1	6
beige.day1_AACTTTCTCCAACCAA-1	7
beige.day1_AAGACCTAGACAATAC-1	6
beige.day1_AAGACCTAGGGATACC-1	7
beige.day1_AAGACCTGTTAAAGTG-1	9
beige.day1_AAGCCGCCACCATGTA-1	6
beige.day1_AAGCCGCGTCGGCACT-1	4
beige.day1_AAGGAGCGTCATATCG-1	7
beige.day1_AAGGCAGAGCTGGAAC-1	6
beige.day1_AAGGTTCAGGTGCAAC-1	9
beige.day1_AAGGTTCTCAGTGCAT-1	10
beige.day1_AAGGTTCTCCCGGATG-1	6
beige.day1_AAGGTTCTCGTGGACC-1	5
beige.day1_AAGGTTCTCTATCCCG-1	6
beige.day1_AAGTCTGCACGAAAGC-1	6
beige.day1_AAGTCTGCATCACGTA-1	6
beige.day1_AAGTCTGCATCGGTTA-1	6
beige.day1_AATCCAGAGCCAGTAG-1	7
beige.day1_AATCGGTCAAGTACCT-1	6
beige.day1_AATCGGTGTCCGTGAC-1	6
beige.day1_ACACCAAAGAGTAAGG-1	7
beige.day1_ACACCAAAGCCAACAG-1	7
beige.day1_ACACCAAGTAGTACCT-1	8
beige.day1_ACACCCTCAGCCTATA-1	7
beige.day1_ACACCCTTCGCGTTTC-1	7
beige.day1_ACACCGGAGATCCGAG-1	7
beige.day1_ACACCGGAGCTAAACA-1	6
beige.day1_ACACCGGAGCTAGGCA-1	5
beige.day1_ACACTGAAGCAGGTCA-1	6
beige.day1_ACACTGAAGCTTTGGT-1	7
beige.day1_ACACTGAGTTACGGAG-1	6
beige.day1_ACAGCCGCAATCCAAC-1	6
beige.day1_ACAGCCGGTTCCACGG-1	6
beige.day1_ACAGCCGTCCTTGGTC-1	6
beige.day1_ACAGCTACAATACGCT-1	7
beige.day1_ACAGCTACATTAGGCT-1	9
beige.day1_ACAGCTATCGTCACGG-1	8
beige.day1_ACAGCTATCTATCCTA-1	9
beige.day1_ACATCAGCATGGGAAC-1	6
beige.day1_ACATGGTCAAAGGCGT-1	1
beige.day1_ACCAGTAAGAGGTTAT-1	6
beige.day1_ACCCACTCACAGGCCT-1	1
beige.day1_ACCCACTGTTTGTGTG-1	6
beige.day1_ACCCACTTCCAATGGT-1	6
beige.day1_ACCGTAAAGGAACTGC-1	6
beige.day1_ACCGTAAAGGACATTA-1	1
beige.day1_ACCGTAACAAGGTTCT-1	10
beige.day1_ACCGTAAGTGTGCGTC-1	6
beige.day1_ACCGTAAGTTCTCATT-1	7
beige.day1_ACCTTTACAGTTCCCT-1	6
beige.day1_ACCTTTAGTCCAGTGC-1	7
beige.day1_ACGAGCCGTGCCTTGG-1	7
beige.day1_ACGAGGACAATCTGCA-1	10
beige.day1_ACGAGGAGTAAGTAGT-1	7
beige.day1_ACGAGGAGTGGCTCCA-1	6
beige.day1_ACGAGGATCGGCGCAT-1	6
beige.day1_ACGATACAGAACTGTA-1	7
beige.day1_ACGATGTAGGACATTA-1	7
beige.day1_ACGATGTGTGCAGTAG-1	6
beige.day1_ACGATGTTCACATACG-1	9
beige.day1_ACGCAGCAGTACGACG-1	8
beige.day1_ACGCAGCCACTTACGA-1	7
beige.day1_ACGCAGCCAGGGTTAG-1	6
beige.day1_ACGCAGCGTAGGGACT-1	6
beige.day1_ACGCAGCGTGCAACGA-1	7
beige.day1_ACGCAGCTCTGCTGCT-1	6
beige.day1_ACGCCAGAGGCTAGGT-1	6
beige.day1_ACGCCAGCATAGAAAC-1	6
beige.day1_ACGCCAGTCCATTCTA-1	7
beige.day1_ACGCCGAAGGGAAACA-1	1
beige.day1_ACGCCGAGTTCGAATC-1	6
beige.day1_ACGGAGAAGTCGTTTG-1	6
beige.day1_ACGGAGACAGCTGTGC-1	5
beige.day1_ACGGAGACATAACCTG-1	8
beige.day1_ACGGCCAAGCTACCGC-1	9
beige.day1_ACGGCCAAGGACGAAA-1	1
beige.day1_ACGGGCTCAACTGCTA-1	9
beige.day1_ACGGGCTCAGTACACT-1	6
beige.day1_ACGGGCTGTACTCAAC-1	6
beige.day1_ACGGGCTGTTACCAGT-1	6
beige.day1_ACGGGCTGTTACCGAT-1	6
beige.day1_ACGGGCTTCCCGGATG-1	6
beige.day1_ACGGGTCTCTGCGTAA-1	7
beige.day1_ACTATCTAGACATAAC-1	7
beige.day1_ACTATCTCACCCATGG-1	6
beige.day1_ACTATCTGTTGATTGC-1	5
beige.day1_ACTGAACCATGTCCTC-1	7
beige.day1_ACTGAACGTAGCTGCC-1	7
beige.day1_ACTGAACGTTTGTGTG-1	6
beige.day1_ACTGAGTAGACCTTTG-1	9
beige.day1_ACTGATGAGCAGCGTA-1	10
beige.day1_ACTGTCCAGACTTGAA-1	6
beige.day1_ACTGTCCTCAGTACGT-1	6
beige.day1_ACTTACTCAATGTAAG-1	9
beige.day1_ACTTACTTCGATGAGG-1	6
beige.day1_ACTTGTTGTAGCTAAA-1	7
beige.day1_ACTTGTTGTGTTCGAT-1	6
beige.day1_AGAATAGGTTTGGGCC-1	7
beige.day1_AGAATAGTCCATGAAC-1	6
beige.day1_AGAATAGTCTTCGGTC-1	6
beige.day1_AGACGTTTCCAAACAC-1	7
beige.day1_AGACGTTTCGCCGTGA-1	7
beige.day1_AGAGCGAAGCCAGTAG-1	8
beige.day1_AGAGCGAAGCCCAACC-1	7
beige.day1_AGAGCGACATAAGACA-1	7
beige.day1_AGAGCGATCCAAGCCG-1	7
beige.day1_AGAGTGGAGCTGCAAG-1	7
beige.day1_AGAGTGGAGTAGCGGT-1	7
beige.day1_AGAGTGGTCCTTGGTC-1	7
beige.day1_AGATCTGAGAAGCCCA-1	4
beige.day1_AGATCTGAGCTGAACG-1	6
beige.day1_AGATCTGCATGAAGTA-1	6
beige.day1_AGATCTGGTCATCGGC-1	6
beige.day1_AGATCTGGTGGCTCCA-1	7
beige.day1_AGATTGCCATCAGTAC-1	6
beige.day1_AGATTGCTCATCGGAT-1	6
beige.day1_AGCAGCCAGCAGACTG-1	6
beige.day1_AGCAGCCAGCCAGGAT-1	8
beige.day1_AGCAGCCCAAGCGAGT-1	6
beige.day1_AGCAGCCCAATGGACG-1	7
beige.day1_AGCAGCCGTTACGTCA-1	6
beige.day1_AGCAGCCTCATCTGTT-1	7
beige.day1_AGCATACAGTATTGGA-1	6
beige.day1_AGCATACCAGTGGGAT-1	6
beige.day1_AGCATACTCAACACCA-1	7
beige.day1_AGCATACTCAGGCCCA-1	7
beige.day1_AGCCTAAAGCTATGCT-1	7
beige.day1_AGCGGTCCACATCCAA-1	6
beige.day1_AGCGGTCCACTTCGAA-1	9
beige.day1_AGCGTATAGCACGCCT-1	5
beige.day1_AGCGTATCATACTCTT-1	7
beige.day1_AGCGTCGAGCGCTCCA-1	7
beige.day1_AGCGTCGCACCGATAT-1	6
beige.day1_AGCGTCGCATCGGTTA-1	7
beige.day1_AGCGTCGTCTCGTATT-1	10
beige.day1_AGCTCCTCAGCGATCC-1	8
beige.day1_AGCTCCTTCAGCTCGG-1	7
beige.day1_AGCTCCTTCTTCAACT-1	6
beige.day1_AGCTTGACACCATCCT-1	6
beige.day1_AGGCCACAGAGTCGGT-1	7
beige.day1_AGGCCACAGCTGGAAC-1	6
beige.day1_AGGCCGTTCTTCCTTC-1	6
beige.day1_AGGGAGTGTACCGCTG-1	6
beige.day1_AGGGAGTGTACTTGAC-1	8
beige.day1_AGGGTGAAGAGCTGCA-1	6
beige.day1_AGGGTGATCGGTTCGG-1	6
beige.day1_AGGTCCGGTCCGTGAC-1	6
beige.day1_AGGTCCGTCCCGGATG-1	6
beige.day1_AGTAGTCAGTTAGCGG-1	7
beige.day1_AGTAGTCTCGATGAGG-1	7
beige.day1_AGTGAGGCAGGGTACA-1	6
beige.day1_AGTGAGGGTTCCCGAG-1	5
beige.day1_AGTGGGAGTGAAAGAG-1	6
beige.day1_AGTGTCAAGCGCCTTG-1	5
beige.day1_AGTGTCACAAATACAG-1	7
beige.day1_AGTGTCACACAGACTT-1	7
beige.day1_AGTTGGTTCGGATGTT-1	6
beige.day1_ATAACGCGTGACAAAT-1	5
beige.day1_ATAACGCGTTAGATGA-1	7
beige.day1_ATAACGCTCTGGAGCC-1	8
beige.day1_ATAAGAGGTAGGGTAC-1	1
beige.day1_ATAAGAGGTATGGTTC-1	8
beige.day1_ATAAGAGTCCTTAATC-1	7
beige.day1_ATAAGAGTCGGAATCT-1	6
beige.day1_ATAGACCGTGGTACAG-1	6
beige.day1_ATCACGAAGATATACG-1	7
beige.day1_ATCACGAAGCGCCTCA-1	7
beige.day1_ATCACGACAAAGCAAT-1	6
beige.day1_ATCACGAGTCTCTCGT-1	6
beige.day1_ATCATCTAGCCACCTG-1	6
beige.day1_ATCATCTCAAGCCCAC-1	1
beige.day1_ATCATCTCACGTCTCT-1	6
beige.day1_ATCATGGAGAAGGCCT-1	6
beige.day1_ATCATGGCACAAGTAA-1	10
beige.day1_ATCATGGCATTAGCCA-1	7
beige.day1_ATCATGGGTCCGTTAA-1	7
beige.day1_ATCCACCTCAACGGGA-1	6
beige.day1_ATCCGAAAGCCCAGCT-1	6
beige.day1_ATCCGAAAGTCCATAC-1	5
beige.day1_ATCCGAAGTGTCCTCT-1	6
beige.day1_ATCCGAAGTGTGTGCC-1	1
beige.day1_ATCCGAATCCGATATG-1	1
beige.day1_ATCTACTCATGGAATA-1	7
beige.day1_ATCTACTGTATCACCA-1	7
beige.day1_ATCTACTGTTACGCGC-1	7
beige.day1_ATCTACTTCAAGAAGT-1	9
beige.day1_ATCTGCCAGATCGATA-1	7
beige.day1_ATCTGCCCAAGCGTAG-1	9
beige.day1_ATCTGCCTCCCTAATT-1	6
beige.day1_ATCTGCCTCCGTCATC-1	6
beige.day1_ATGAGGGAGGATGGAA-1	6
beige.day1_ATGCGATCATGGAATA-1	6
beige.day1_ATGGGAGAGACAGGCT-1	7
beige.day1_ATGGGAGAGCCGTCGT-1	8
beige.day1_ATGGGAGAGGAGTTGC-1	7
beige.day1_ATGGGAGCAACACCTA-1	7
beige.day1_ATGGGAGCAGGCTCAC-1	8
beige.day1_ATGGGAGTCAAAGACA-1	7
beige.day1_ATGTGTGAGGCAGTCA-1	10
beige.day1_ATGTGTGTCTACGAGT-1	10
beige.day1_ATTACTCAGACAGAGA-1	6
beige.day1_ATTACTCTCCTATTCA-1	10
beige.day1_ATTACTCTCTGCGGCA-1	6
beige.day1_ATTATCCAGAAACGCC-1	6
beige.day1_ATTATCCCAACTGGCC-1	7
beige.day1_ATTATCCTCACGATGT-1	7
beige.day1_ATTATCCTCCTGCAGG-1	7
beige.day1_ATTCTACGTCGGATCC-1	7
beige.day1_ATTGGACAGTATCGAA-1	10
beige.day1_ATTGGACGTCCTAGCG-1	7
beige.day1_ATTGGTGCATGATCCA-1	6
beige.day1_ATTGGTGGTGGCTCCA-1	10
beige.day1_ATTTCTGTCCGATATG-1	6
beige.day1_CAACCAAAGTCGCCGT-1	7
beige.day1_CAACCTCAGATGTTAG-1	6
beige.day1_CAACCTCCATGGTTGT-1	7
beige.day1_CAACCTCGTAAGAGAG-1	10
beige.day1_CAACCTCGTTGTACAC-1	6
beige.day1_CAAGAAACACAGATTC-1	7
beige.day1_CAAGATCAGTTTCCTT-1	6
beige.day1_CAAGATCCACGGCTAC-1	6
beige.day1_CAAGATCGTTATCCGA-1	6
beige.day1_CAAGGCCCAAACGCGA-1	7
beige.day1_CAAGGCCGTATAGTAG-1	6
beige.day1_CAAGGCCTCACATACG-1	7
beige.day1_CACAAACAGCCACGTC-1	6
beige.day1_CACAAACCAGTTCCCT-1	7
beige.day1_CACAAACTCGAATCCA-1	1
beige.day1_CACAAACTCGGTTCGG-1	6
beige.day1_CACACAACAAAGGTGC-1	7
beige.day1_CACACAACATTCCTGC-1	6
beige.day1_CACACAATCGGCATCG-1	7
beige.day1_CACACCTAGTGGTAAT-1	6
beige.day1_CACACTCAGCCAGTAG-1	7
beige.day1_CACACTCAGGCCCGTT-1	6
beige.day1_CACACTCCATGTCCTC-1	1
beige.day1_CACACTCGTCTGCAAT-1	2
beige.day1_CACACTCTCAGCCTAA-1	6
beige.day1_CACAGGCTCAGTACGT-1	10
beige.day1_CACAGTACATCCCACT-1	10
beige.day1_CACAGTAGTCAAAGCG-1	9
beige.day1_CACAGTAGTCAGAATA-1	9
beige.day1_CACAGTAGTCTGCGGT-1	6
beige.day1_CACATAGCAGTCTTCC-1	5
beige.day1_CACATAGGTCGCTTCT-1	10
beige.day1_CACATAGGTGTATGGG-1	7
beige.day1_CACATAGTCACCGTAA-1	11
beige.day1_CACATAGTCATAACCG-1	7
beige.day1_CACATTTAGCGAGAAA-1	6
beige.day1_CACATTTAGTCAAGGC-1	6
beige.day1_CACATTTCAAGTTCTG-1	8
beige.day1_CACCACTCATGATCCA-1	9
beige.day1_CACCACTGTCCGAAGA-1	8
beige.day1_CACCACTGTGACTCAT-1	6
beige.day1_CACCACTTCGGATGGA-1	10
beige.day1_CACCACTTCGTTTAGG-1	7
beige.day1_CACCAGGGTTATGTGC-1	7
beige.day1_CACCAGGTCCGAAGAG-1	6
beige.day1_CACCTTGCACCATGTA-1	6
beige.day1_CACCTTGCACCTCGTT-1	6
beige.day1_CACCTTGCACTACAGT-1	1
beige.day1_CACCTTGCACTGAAGG-1	7
beige.day1_CACCTTGTCGTCTGAA-1	6
beige.day1_CACTCCATCGTCGTTC-1	4
beige.day1_CAGAATCAGGGTCGAT-1	1
beige.day1_CAGAGAGCAGATGGGT-1	6
beige.day1_CAGAGAGCAGGTCTCG-1	6
beige.day1_CAGAGAGTCATGTAGC-1	6
beige.day1_CAGATCAGTCATGCCG-1	7
beige.day1_CAGATCAGTGACGGTA-1	6
beige.day1_CAGCAGCTCAACGGGA-1	6
beige.day1_CAGCAGCTCCTAGAAC-1	7
beige.day1_CAGCATAAGCCCAATT-1	6
beige.day1_CAGCCGAAGAATTCCC-1	6
beige.day1_CAGCCGACATGTAAGA-1	6
beige.day1_CAGCCGAGTCCAGTAT-1	6
beige.day1_CAGCCGATCGTTACGA-1	6
beige.day1_CAGCGACTCTGGCGAC-1	8
beige.day1_CAGCTAAGTCACCTAA-1	6
beige.day1_CAGCTGGCAGCAGTTT-1	7
beige.day1_CAGCTGGCATTCTCAT-1	6
beige.day1_CAGCTGGTCACCCTCA-1	5
beige.day1_CAGCTGGTCTGCTTGC-1	6
beige.day1_CAGTAACAGCGCCTTG-1	6
beige.day1_CAGTAACAGTTTCCTT-1	6
beige.day1_CAGTAACCATGGTCTA-1	6
beige.day1_CAGTCCTAGCACCGCT-1	6
beige.day1_CAGTCCTGTAAAGGAG-1	6
beige.day1_CAGTCCTTCCTGCCAT-1	6
beige.day1_CATATTCAGCCAGTAG-1	7
beige.day1_CATATTCCAGCTGTAT-1	6
beige.day1_CATCAAGCAGATCGGA-1	7
beige.day1_CATCAAGTCCTCAATT-1	1
beige.day1_CATCAAGTCTGACCTC-1	6
beige.day1_CATCAGAAGTTACCCA-1	7
beige.day1_CATCAGACAGTCGATT-1	7
beige.day1_CATCAGACATCCTTGC-1	6
beige.day1_CATCAGAGTGCCTGGT-1	6
beige.day1_CATCAGATCGTTACAG-1	6
beige.day1_CATCGAAAGAGGGCTT-1	6
beige.day1_CATCGAAAGGCTAGAC-1	6
beige.day1_CATCGAAAGGTAGCCA-1	6
beige.day1_CATCGAAGTTACGTCA-1	7
beige.day1_CATCGAATCAGTTTGG-1	6
beige.day1_CATCGGGAGACTAGGC-1	6
beige.day1_CATCGGGCAGCAGTTT-1	5
beige.day1_CATCGGGCAGGTGCCT-1	1
beige.day1_CATCGGGGTCGGCATC-1	6
beige.day1_CATCGGGGTGGTGTAG-1	6
beige.day1_CATCGGGTCCTTTCTC-1	6
beige.day1_CATGACAAGCTAGGCA-1	6
beige.day1_CATGACATCATGTCCC-1	10
beige.day1_CATGCCTAGCCCAACC-1	7
beige.day1_CATGCCTCAGTCTTCC-1	6
beige.day1_CATGGCGAGGACATTA-1	11
beige.day1_CATGGCGGTATCACCA-1	6
beige.day1_CATGGCGGTCTAAAGA-1	7
beige.day1_CATTATCAGTATCGAA-1	6
beige.day1_CATTATCTCTCGCATC-1	7
beige.day1_CATTCGCAGAGTGAGA-1	7
beige.day1_CATTCGCAGTGCCAGA-1	7
beige.day1_CATTCGCCACATTTCT-1	6
beige.day1_CATTCGCCAGTTTACG-1	1
beige.day1_CATTCGCCATACGCCG-1	6
beige.day1_CCACCTACAATGTAAG-1	6
beige.day1_CCACCTAGTCACACGC-1	6
beige.day1_CCACCTAGTGTTTGTG-1	7
beige.day1_CCACGGAGTTAAGTAG-1	6
beige.day1_CCACTACCAGCTTCGG-1	6
beige.day1_CCACTACTCGGCTACG-1	6
beige.day1_CCAGCGACACCTGGTG-1	7
beige.day1_CCAGCGAGTAAAGTCA-1	6
beige.day1_CCAGCGAGTATTCTCT-1	6
beige.day1_CCAGCGATCAGGCGAA-1	6
beige.day1_CCATTCGAGAATCTCC-1	3
beige.day1_CCATTCGAGCCCTAAT-1	6
beige.day1_CCATTCGCAGATTGCT-1	6
beige.day1_CCATTCGGTGTTAAGA-1	6
beige.day1_CCCAATCTCAAGCCTA-1	7
beige.day1_CCCAATCTCTTCAACT-1	7
beige.day1_CCCAGTTTCAACGCTA-1	7
beige.day1_CCCAGTTTCTTCCTTC-1	6
beige.day1_CCCATACAGTTAAGTG-1	2
beige.day1_CCCATACCACAGCCCA-1	6
beige.day1_CCCTCCTTCGTACGGC-1	6
beige.day1_CCCTCCTTCTCCAGGG-1	1
beige.day1_CCGGGATAGCTAGTCT-1	6
beige.day1_CCGGGATGTACATCCA-1	10
beige.day1_CCGGTAGCACATGTGT-1	10
beige.day1_CCGGTAGGTAACGTTC-1	7
beige.day1_CCGGTAGTCACCACCT-1	6
beige.day1_CCGTACTGTAGCGTCC-1	6
beige.day1_CCGTACTGTATAGTAG-1	7
beige.day1_CCGTACTGTCTGCCAG-1	7
beige.day1_CCGTGGATCACCCGAG-1	7
beige.day1_CCGTTCAAGATCCCAT-1	1
beige.day1_CCGTTCACAAGCTGGA-1	7
beige.day1_CCGTTCAGTAGTAGTA-1	7
beige.day1_CCGTTCATCGGCGCTA-1	7
beige.day1_CCTAAAGGTAGCACGA-1	6
beige.day1_CCTACACCATTCCTGC-1	7
beige.day1_CCTACCAGTTGGTGGA-1	7
beige.day1_CCTACCATCTGCTGCT-1	7
beige.day1_CCTAGCTCAGCTCGAC-1	7
beige.day1_CCTATTACATATGCTG-1	6
beige.day1_CCTATTACATGCCACG-1	7
beige.day1_CCTATTATCGATGAGG-1	6
beige.day1_CCTTACGAGTGTTTGC-1	1
beige.day1_CCTTCCCAGAGGACGG-1	10
beige.day1_CCTTCGACATTCTCAT-1	1
beige.day1_CCTTCGATCGAATCCA-1	5
beige.day1_CCTTTCTTCACTGGGC-1	7
beige.day1_CGACTTCGTCAGTGGA-1	8
beige.day1_CGAGAAGGTTCACGGC-1	2
beige.day1_CGAGCACAGCAAATCA-1	6
beige.day1_CGAGCACGTTGGTTTG-1	7
beige.day1_CGAGCCACATGCGCAC-1	9
beige.day1_CGAGCCAGTGACAAAT-1	6
beige.day1_CGATCGGAGAATTGTG-1	7
beige.day1_CGATGGCCAATCAGAA-1	6
beige.day1_CGATGGCGTGCGGTAA-1	6
beige.day1_CGATGGCGTTGAGTTC-1	6
beige.day1_CGATGGCTCTGGTGTA-1	8
beige.day1_CGATGTAAGCAGCCTC-1	7
beige.day1_CGATGTAAGCTACCTA-1	7
beige.day1_CGATTGAAGATAGGAG-1	2
beige.day1_CGCCAAGGTCTCCCTA-1	6
beige.day1_CGCGTTTAGGACATTA-1	7
beige.day1_CGCGTTTCACCGTTGG-1	6
beige.day1_CGCTTCAAGCCCAACC-1	7
beige.day1_CGCTTCAAGGCTATCT-1	7
beige.day1_CGCTTCACATATGCTG-1	1
beige.day1_CGCTTCAGTGTATGGG-1	7
beige.day1_CGGACACAGACAGACC-1	6
beige.day1_CGGACACCATAGTAAG-1	7
beige.day1_CGGACACTCTAACTTC-1	6
beige.day1_CGGACGTTCTGCAAGT-1	7
beige.day1_CGGACTGCACCGTTGG-1	6
beige.day1_CGGACTGCAGCCAATT-1	6
beige.day1_CGGAGCTAGGTGCTAG-1	7
beige.day1_CGGAGCTGTATAAACG-1	7
beige.day1_CGGAGCTGTCTCCACT-1	7
beige.day1_CGGAGTCCATGCAACT-1	7
beige.day1_CGGAGTCTCACTCCTG-1	6
beige.day1_CGGCTAGAGTGTCTCA-1	7
beige.day1_CGGCTAGTCTGATACG-1	10
beige.day1_CGGGTCAAGGTTACCT-1	8
beige.day1_CGGTTAACATCTCGCT-1	7
beige.day1_CGGTTAAGTTAAAGAC-1	8
beige.day1_CGTAGCGTCGGCTACG-1	4
beige.day1_CGTAGGCAGGATGGTC-1	7
beige.day1_CGTAGGCGTAGCTTGT-1	4
beige.day1_CGTCACTAGATGGCGT-1	8
beige.day1_CGTCACTAGTACGCCC-1	6
beige.day1_CGTCACTAGTCGTTTG-1	1
beige.day1_CGTCAGGGTAAACACA-1	7
beige.day1_CGTCAGGGTTGGGACA-1	6
beige.day1_CGTCCATAGTACGATA-1	6
beige.day1_CGTCCATCACCGGAAA-1	10
beige.day1_CGTCCATTCGGGAGTA-1	6
beige.day1_CGTCTACCATGTCGAT-1	6
beige.day1_CGTCTACTCACCTTAT-1	1
beige.day1_CGTGAGCAGCGTCAAG-1	4
beige.day1_CGTGTCTAGACCTTTG-1	1
beige.day1_CGTGTCTGTAAATACG-1	1
beige.day1_CGTTAGACATCCTTGC-1	7
beige.day1_CGTTAGAGTCAAACTC-1	7
beige.day1_CGTTGGGCAACCGCCA-1	7
beige.day1_CGTTGGGGTGAAATCA-1	6
beige.day1_CGTTGGGTCTACTTAC-1	10
beige.day1_CTAACTTCATCATCCC-1	1
beige.day1_CTAACTTGTGCCTGTG-1	7
beige.day1_CTAATGGAGAAACGCC-1	6
beige.day1_CTAATGGAGACGCTTT-1	6
beige.day1_CTAATGGCAGCTGTAT-1	5
beige.day1_CTAATGGGTTCAGTAC-1	7
beige.day1_CTACACCCAGTCCTTC-1	5
beige.day1_CTACACCTCCGTAGGC-1	2
beige.day1_CTACACCTCTTTACAC-1	6
beige.day1_CTACATTAGATACACA-1	7
beige.day1_CTACATTAGCGCTCCA-1	7
beige.day1_CTACATTCATTCCTGC-1	7
beige.day1_CTACATTTCTAACTTC-1	6
beige.day1_CTACCCACACGCATCG-1	7
beige.day1_CTACCCAGTCCGTCAG-1	6
beige.day1_CTACGTCCAAGAGTCG-1	7
beige.day1_CTACGTCGTGACAAAT-1	9
beige.day1_CTACGTCTCGAACTGT-1	6
beige.day1_CTAGCCTAGGTCATCT-1	8
beige.day1_CTAGCCTGTTCGCGAC-1	6
beige.day1_CTAGCCTTCGAACGGA-1	10
beige.day1_CTAGTGAGTGCATCTA-1	6
beige.day1_CTAGTGATCTTGTTTG-1	6
beige.day1_CTCACACAGTGCCAGA-1	8
beige.day1_CTCACACCAATAGCAA-1	7
beige.day1_CTCACACGTCTAGCGC-1	5
beige.day1_CTCACACTCACCGTAA-1	6
beige.day1_CTCAGAAGTCAGCTAT-1	10
beige.day1_CTCAGAATCAGCTTAG-1	8
beige.day1_CTCATTACAGCTGGCT-1	6
beige.day1_CTCATTACAGCTGTTA-1	1
beige.day1_CTCATTATCTAACTCT-1	6
beige.day1_CTCCTAGAGGGATACC-1	7
beige.day1_CTCCTAGGTTGTGGCC-1	1
beige.day1_CTCCTAGTCAACGCTA-1	7
beige.day1_CTCGAAAAGAATAGGG-1	6
beige.day1_CTCGAAACACTCAGGC-1	7
beige.day1_CTCGAAAGTGTGGCTC-1	6
beige.day1_CTCGAAATCACCTCGT-1	5
beige.day1_CTCGAGGAGTAGCGGT-1	7
beige.day1_CTCGGAGAGGGTTCCC-1	7
beige.day1_CTCGGAGCAAGCCTAT-1	6
beige.day1_CTCGGGACACCTCGGA-1	6
beige.day1_CTCGGGAGTTTGACTG-1	1
beige.day1_CTCGTACAGCGATAGC-1	6
beige.day1_CTCGTACGTCAATACC-1	7
beige.day1_CTCGTACTCCTCAATT-1	7
beige.day1_CTCGTCAAGACACTAA-1	6
beige.day1_CTCGTCAAGGGTTTCT-1	3
beige.day1_CTCTAATCAGGCGATA-1	6
beige.day1_CTCTAATTCGTGGACC-1	7
beige.day1_CTCTGGTAGAATTGTG-1	6
beige.day1_CTGAAACAGCCTTGAT-1	5
beige.day1_CTGAAACCACGGATAG-1	7
beige.day1_CTGAAGTCACCTCGTT-1	8
beige.day1_CTGATAGAGACCGGAT-1	6
beige.day1_CTGATAGCATATACGC-1	3
beige.day1_CTGATAGCATCTCGCT-1	7
beige.day1_CTGATAGTCTTATCTG-1	8
beige.day1_CTGATCCAGAAACCGC-1	8
beige.day1_CTGATCCAGAAGGCCT-1	6
beige.day1_CTGATCCAGCCAGGAT-1	3
beige.day1_CTGATCCAGCTAAGAT-1	4
beige.day1_CTGATCCGTACATGTC-1	7
beige.day1_CTGCCTAAGGTGCTAG-1	6
beige.day1_CTGCCTAAGTGTTAGA-1	6
beige.day1_CTGCGGAAGAAGATTC-1	7
beige.day1_CTGCGGATCCGGGTGT-1	7
beige.day1_CTGCTGTAGGCATTGG-1	7
beige.day1_CTGCTGTAGGCTAGAC-1	6
beige.day1_CTGCTGTGTGAACCTT-1	7
beige.day1_CTGGTCTAGGGATGGG-1	7
beige.day1_CTGGTCTTCCAGATCA-1	6
beige.day1_CTGTGCTCATCATCCC-1	4
beige.day1_CTGTGCTTCAGTTCGA-1	6
beige.day1_CTGTGCTTCCAGTATG-1	6
beige.day1_CTGTTTAAGACTTGAA-1	6
beige.day1_CTGTTTAGTAGAGCTG-1	8
beige.day1_CTGTTTAGTTGCTCCT-1	8
beige.day1_CTTAACTAGTTAACGA-1	5
beige.day1_CTTAACTGTTGGAGGT-1	5
beige.day1_CTTAACTTCTGTGCAA-1	6
beige.day1_CTTACCGAGATTACCC-1	7
beige.day1_CTTACCGGTCGGCACT-1	7
beige.day1_CTTAGGACAAGCCGTC-1	7
beige.day1_CTTAGGAGTCAGAGGT-1	7
beige.day1_CTTAGGAGTGATGTCT-1	1
beige.day1_CTTGGCTAGAGTACAT-1	10
beige.day1_CTTGGCTGTCATTAGC-1	6
beige.day1_CTTGGCTTCATTCACT-1	1
beige.day1_CTTGGCTTCTTTCCTC-1	1
beige.day1_CTTTGCGCATGTCCTC-1	8
beige.day1_CTTTGCGGTGTGACCC-1	9
beige.day1_GAAACTCGTGTTCGAT-1	7
beige.day1_GAAATGAAGCGCTCCA-1	7
beige.day1_GAAATGAGTTCGTTGA-1	8
beige.day1_GAAATGATCAAACCGT-1	6
beige.day1_GAAATGATCTCGATGA-1	6
beige.day1_GAACATCAGACACGAC-1	6
beige.day1_GAACATCAGCCTCGTG-1	6
beige.day1_GAACATCCAGACAAAT-1	8
beige.day1_GAACGGAAGAAGGTTT-1	6
beige.day1_GAACGGAAGTACGCCC-1	6
beige.day1_GAAGCAGTCACGATGT-1	6
beige.day1_GAATGAAAGGACCACA-1	6
beige.day1_GAATGAATCCATGAAC-1	7
beige.day1_GACACGCAGCTAGGCA-1	10
beige.day1_GACACGCCATTTCAGG-1	1
beige.day1_GACAGAGAGCAACGGT-1	6
beige.day1_GACCAATAGATCCCAT-1	6
beige.day1_GACCTGGCATGCATGT-1	6
beige.day1_GACGCGTAGATGTGGC-1	8
beige.day1_GACGGCTTCATATCGG-1	6
beige.day1_GACGTGCGTACTCAAC-1	7
beige.day1_GACGTTAAGTGGTCCC-1	8
beige.day1_GACGTTATCTGTCTAT-1	7
beige.day1_GACTAACTCTCGATGA-1	5
beige.day1_GACTAACTCTGGCGAC-1	10
beige.day1_GACTACAGTCCGAATT-1	6
beige.day1_GACTACATCCGCGGTA-1	8
beige.day1_GAGCAGAAGATCTGCT-1	6
beige.day1_GAGGTGAAGCGTAATA-1	6
beige.day1_GAGGTGAAGGCCATAG-1	7
beige.day1_GAGGTGAAGGTGATTA-1	6
beige.day1_GAGGTGACACGAAAGC-1	7
beige.day1_GAGTCCGCAGGGTATG-1	7
beige.day1_GATCAGTAGAACTGTA-1	7
beige.day1_GATCGATCACGGATAG-1	10
beige.day1_GATCGATCACGGCTAC-1	10
beige.day1_GATCGTACACCACCAG-1	6
beige.day1_GATCGTACATCTATGG-1	8
beige.day1_GATCGTAGTAGCTCCG-1	7
beige.day1_GATCGTAGTTGACGTT-1	7
beige.day1_GATCTAGAGGCATGGT-1	8
beige.day1_GATCTAGCATTACGAC-1	7
beige.day1_GATCTAGGTAATCACC-1	7
beige.day1_GATGAAACAGCTATTG-1	7
beige.day1_GATGAAACAGTTCATG-1	7
beige.day1_GATGAAAGTTCCTCCA-1	6
beige.day1_GATGAGGAGACTACAA-1	7
beige.day1_GATGAGGAGATATACG-1	1
beige.day1_GATTCAGGTCAGCTAT-1	6
beige.day1_GATTCAGGTCCGAAGA-1	5
beige.day1_GCAAACTAGCCAACAG-1	11
beige.day1_GCAAACTCACGTCTCT-1	8
beige.day1_GCAAACTTCCTATTCA-1	8
beige.day1_GCAATCAAGTGTGGCA-1	6
beige.day1_GCAATCACAATCTGCA-1	6
beige.day1_GCAATCACAGCTTAAC-1	6
beige.day1_GCAATCAGTGACTACT-1	6
beige.day1_GCACATACACATCTTT-1	10
beige.day1_GCACATACATCACGAT-1	6
beige.day1_GCACTCTGTATAGGGC-1	10
beige.day1_GCAGTTAAGCGATGAC-1	1
beige.day1_GCAGTTAGTACAAGTA-1	8
beige.day1_GCAGTTATCTATCGCC-1	8
beige.day1_GCATGATAGACTAAGT-1	1
beige.day1_GCATGATAGGTCGGAT-1	1
beige.day1_GCATGATCACCTATCC-1	7
beige.day1_GCATGTATCGTCGTTC-1	6
beige.day1_GCCAAATAGAGTACAT-1	1
beige.day1_GCCAAATGTTACCAGT-1	6
beige.day1_GCCAAATTCTGCTGTC-1	10
beige.day1_GCCTCTAAGGGATACC-1	6
beige.day1_GCCTCTAGTCAAAGAT-1	1
beige.day1_GCGACCAAGCCGTCGT-1	7
beige.day1_GCGACCATCATGTCTT-1	8
beige.day1_GCGAGAACAATCTGCA-1	6
beige.day1_GCGAGAAGTTATGTGC-1	6
beige.day1_GCGCAACAGACGCAAC-1	7
beige.day1_GCGCAACCACTTCGAA-1	7
beige.day1_GCGCAACGTGTCTGAT-1	6
beige.day1_GCGCAGTGTAAGGGCT-1	10
beige.day1_GCGCAGTGTGTGCCTG-1	7
beige.day1_GCGCAGTTCGCGGATC-1	6
beige.day1_GCGCCAATCGGACAAG-1	7
beige.day1_GCGCGATAGTATGACA-1	7
beige.day1_GCGCGATGTAATCACC-1	7
beige.day1_GCGCGATGTCAGAGGT-1	7
beige.day1_GCGGGTTAGAACTGTA-1	7
beige.day1_GCGGGTTAGGTGATAT-1	7
beige.day1_GCGGGTTTCATTGCGA-1	6
beige.day1_GCGGGTTTCGTTTATC-1	1
beige.day1_GCTCCTAAGGAGTACC-1	6
beige.day1_GCTCCTATCTAACTGG-1	6
beige.day1_GCTCTGTAGAAGGGTA-1	7
beige.day1_GCTGCAGAGGGATCTG-1	6
beige.day1_GCTGCAGCAGTTCCCT-1	1
beige.day1_GCTGCAGTCATAGCAC-1	9
beige.day1_GCTGCAGTCCTTAATC-1	7
beige.day1_GCTGCAGTCTAACGGT-1	6
beige.day1_GCTGCGACAGGATCGA-1	6
beige.day1_GCTGCGACATCTCCCA-1	6
beige.day1_GCTGCTTAGGTGTGGT-1	6
beige.day1_GCTGCTTCAGGGAGAG-1	7
beige.day1_GCTGGGTAGTGAACGC-1	7
beige.day1_GCTGGGTGTATATGGA-1	2
beige.day1_GCTTCCAAGCGTAATA-1	6
beige.day1_GCTTCCAGTCTGCGGT-1	6
beige.day1_GCTTGAAAGCCGGTAA-1	6
beige.day1_GCTTGAAAGGAGTTTA-1	6
beige.day1_GCTTGAACAGAGTGTG-1	6
beige.day1_GGAAAGCAGAAGATTC-1	7
beige.day1_GGAACTTAGACAAGCC-1	7
beige.day1_GGAATAACATTAGGCT-1	7
beige.day1_GGACAAGGTCAGTGGA-1	7
beige.day1_GGACAAGGTTCCCTTG-1	7
beige.day1_GGACATTCACTCTGTC-1	6
beige.day1_GGACATTTCATGCTCC-1	6
beige.day1_GGACATTTCTCGTTTA-1	8
beige.day1_GGAGCAAAGAAGGTGA-1	10
beige.day1_GGAGCAACAAGGCTCC-1	6
beige.day1_GGAGCAAGTACCTACA-1	7
beige.day1_GGATGTTTCCCAAGAT-1	6
beige.day1_GGATTACGTGGCCCTA-1	7
beige.day1_GGATTACTCCTTCAAT-1	7
beige.day1_GGCAATTTCCTACAGA-1	9
beige.day1_GGCAATTTCGGAAATA-1	10
beige.day1_GGCAATTTCTTTACGT-1	6
beige.day1_GGCCGATAGATGTCGG-1	7
beige.day1_GGCGACTAGAAGGACA-1	7
beige.day1_GGCGACTAGTAGGCCA-1	1
beige.day1_GGCGACTGTAACGCGA-1	6
beige.day1_GGCGACTGTATTAGCC-1	7
beige.day1_GGCGTGTTCACTGGGC-1	6
beige.day1_GGCTCGACAAGAGGCT-1	7
beige.day1_GGGACCTAGACAAGCC-1	7
beige.day1_GGGACCTTCCGAAGAG-1	6
beige.day1_GGGAGATCACTATCTT-1	6
beige.day1_GGGAGATTCCTTCAAT-1	7
beige.day1_GGGAGATTCTTGCCGT-1	7
beige.day1_GGGCATCGTATAGGTA-1	7
beige.day1_GGGTCTGCAAGAGGCT-1	5
beige.day1_GGGTCTGCATATACCG-1	6
beige.day1_GGGTTGCAGTGACTCT-1	6
beige.day1_GGGTTGCGTTCATGGT-1	6
beige.day1_GGGTTGCTCTGTCTAT-1	6
beige.day1_GGTATTGGTCCAGTGC-1	7
beige.day1_GGTATTGTCCATGAAC-1	6
beige.day1_GGTGAAGCAGGGATTG-1	6
beige.day1_GGTGCGTCAAGTTAAG-1	7
beige.day1_GGTGCGTCACAAGTAA-1	6
beige.day1_GGTGCGTCACCTCGGA-1	7
beige.day1_GGTGTTACATTCCTGC-1	6
beige.day1_GGTGTTAGTGAGGGTT-1	6
beige.day1_GGTGTTAGTTTGTGTG-1	7
beige.day1_GGTGTTATCCAAACTG-1	7
beige.day1_GTAACGTCAATAACGA-1	7
beige.day1_GTAACGTCAATCAGAA-1	6
beige.day1_GTAACGTGTTAAGTAG-1	7
beige.day1_GTAACGTTCACCGGGT-1	7
beige.day1_GTAACTGAGAGGGATA-1	7
beige.day1_GTAACTGAGCGTTCCG-1	6
beige.day1_GTAACTGCAAAGTCAA-1	7
beige.day1_GTAACTGGTGCCTTGG-1	6
beige.day1_GTACGTACAATAAGCA-1	9
beige.day1_GTACGTATCCTGTAGA-1	7
beige.day1_GTACTCCCATACTACG-1	7
beige.day1_GTACTCCGTGGCGAAT-1	4
beige.day1_GTACTCCGTTTGTTTC-1	7
beige.day1_GTACTTTTCCATGAAC-1	7
beige.day1_GTAGGCCGTAGTAGTA-1	8
beige.day1_GTAGGCCGTCAAAGCG-1	6
beige.day1_GTAGTCACAGTCGTGC-1	6
beige.day1_GTATCTTAGGCATTGG-1	6
beige.day1_GTATCTTCATCTATGG-1	7
beige.day1_GTATCTTGTGATGTCT-1	7
beige.day1_GTATCTTGTTCACGGC-1	4
beige.day1_GTATCTTTCTCCAACC-1	7
beige.day1_GTATTCTCAGAGCCAA-1	6
beige.day1_GTCAAGTCAGTAACGG-1	6
beige.day1_GTCACAACACAACTGT-1	7
beige.day1_GTCACAACACAGGAGT-1	9
beige.day1_GTCACAACAGACGTAG-1	8
beige.day1_GTCACAAGTCGAATCT-1	7
beige.day1_GTCACAAGTGTGGCTC-1	6
beige.day1_GTCACGGCACAGTCGC-1	8
beige.day1_GTCACGGTCTGCAGTA-1	7
beige.day1_GTCATTTAGCGTGAAC-1	7
beige.day1_GTCATTTAGGACTGGT-1	6
beige.day1_GTCATTTCAACTGGCC-1	8
beige.day1_GTCCTCAAGGGATGGG-1	6
beige.day1_GTCCTCACACATGTGT-1	6
beige.day1_GTCGTAAAGACCCACC-1	10
beige.day1_GTCGTAAAGGGTGTGT-1	7
beige.day1_GTCGTAACACCGGAAA-1	6
beige.day1_GTCGTAATCATGCAAC-1	7
beige.day1_GTCTCGTCAAGCTGTT-1	7
beige.day1_GTCTCGTGTGTGGCTC-1	6
beige.day1_GTCTCGTTCAACACGT-1	7
beige.day1_GTCTTCGCATACTACG-1	7
beige.day1_GTCTTCGTCCACGACG-1	7
beige.day1_GTCTTCGTCCCAGGTG-1	8
beige.day1_GTGAAGGAGTAGTGCG-1	6
beige.day1_GTGAAGGCAAGTACCT-1	6
beige.day1_GTGCAGCAGTAGCGGT-1	6
beige.day1_GTGCAGCCACAACGCC-1	6
beige.day1_GTGCAGCTCAACGCTA-1	1
beige.day1_GTGCAGCTCCACTCCA-1	7
beige.day1_GTGCAGCTCCTGCCAT-1	6
beige.day1_GTGCAGCTCTTGCCGT-1	7
beige.day1_GTGCATACAGACTCGC-1	6
beige.day1_GTGCATATCAGGTAAA-1	6
beige.day1_GTGCTTCAGAGATGAG-1	6
beige.day1_GTGCTTCCAGTGGAGT-1	7
beige.day1_GTGCTTCTCGATCCCT-1	10
beige.day1_GTGGGTCAGTGGGCTA-1	6
beige.day1_GTGGGTCGTCTACCTC-1	10
beige.day1_GTGGGTCTCTTGGGTA-1	7
beige.day1_GTGTGCGAGTACATGA-1	1
beige.day1_GTGTGCGCATTGGGCC-1	7
beige.day1_GTGTGCGGTCCGAATT-1	6
beige.day1_GTGTTAGAGATGGGTC-1	7
beige.day1_GTGTTAGTCCTCGCAT-1	1
beige.day1_GTGTTAGTCTAACTCT-1	4
beige.day1_GTTACAGAGCTTTGGT-1	6
beige.day1_GTTCATTCATCGTCGG-1	10
beige.day1_GTTCATTTCGTACGGC-1	1
beige.day1_GTTCTCGCAGAGCCAA-1	7
beige.day1_GTTTCTAGTCCATGAT-1	7
beige.day1_GTTTCTATCCTGTACC-1	8
beige.day1_TAAGAGAAGTTAAGTG-1	7
beige.day1_TAAGAGACATGTAAGA-1	6
beige.day1_TAAGAGAGTGTGGTTT-1	7
beige.day1_TAAGAGAGTTCCGGCA-1	1
beige.day1_TAAGCGTAGGAATCGC-1	6
beige.day1_TAAGCGTCAAGTACCT-1	6
beige.day1_TAAGCGTTCGTGGTCG-1	6
beige.day1_TAAGTGCAGAAGAAGC-1	2
beige.day1_TAAGTGCAGAGTAATC-1	7
beige.day1_TAAGTGCCATTCTTAC-1	6
beige.day1_TAAGTGCGTGGGTCAA-1	6
beige.day1_TAAGTGCTCGATCCCT-1	2
beige.day1_TACACGAGTGCCTGCA-1	8
beige.day1_TACAGTGCACCTTGTC-1	6
beige.day1_TACGGTACAATCTACG-1	6
beige.day1_TACGGTACACAGCCCA-1	6
beige.day1_TACGGTATCCCATTTA-1	7
beige.day1_TACTCATAGGACACCA-1	6
beige.day1_TACTCATTCGAATCCA-1	6
beige.day1_TACTCATTCTGTCAAG-1	6
beige.day1_TACTCGCAGATCCCGC-1	6
beige.day1_TACTCGCCATTACCTT-1	7
beige.day1_TACTCGCTCCAAGCCG-1	6
beige.day1_TACTTACGTGCAGTAG-1	7
beige.day1_TACTTACTCAGTTCGA-1	9
beige.day1_TACTTGTAGACTCGGA-1	6
beige.day1_TACTTGTAGGGCTTCC-1	6
beige.day1_TACTTGTGTACCTACA-1	6
beige.day1_TAGACCAAGTGAACAT-1	7
beige.day1_TAGACCAGTCATGCCG-1	7
beige.day1_TAGACCAGTTACGTCA-1	6
beige.day1_TAGAGCTCACGCGAAA-1	6
beige.day1_TAGAGCTTCTTCGAGA-1	10
beige.day1_TAGCCGGAGAAGGCCT-1	6
beige.day1_TAGCCGGTCATCGATG-1	7
beige.day1_TAGGCATGTGCTTCTC-1	6
beige.day1_TATCAGGAGAATTCCC-1	7
beige.day1_TATCAGGCACATTCGA-1	8
beige.day1_TATCAGGCACTTCTGC-1	6
beige.day1_TATCAGGGTGTGGTTT-1	6
beige.day1_TATCTCAAGCCGGTAA-1	8
beige.day1_TATCTCACATGCTAGT-1	7
beige.day1_TATCTCAGTTAAAGAC-1	6
beige.day1_TATCTCATCATCATTC-1	6
beige.day1_TCAACGAAGTTCGCGC-1	7
beige.day1_TCAACGATCTAACTGG-1	7
beige.day1_TCAATCTGTTCATGGT-1	8
beige.day1_TCACAAGAGTGAACAT-1	9
beige.day1_TCACAAGCAGCTGTGC-1	7
beige.day1_TCACGAAAGGTGCAAC-1	6
beige.day1_TCAGATGCAGTAACGG-1	7
beige.day1_TCAGCTCGTCTGATCA-1	6
beige.day1_TCAGGATAGAACTGTA-1	6
beige.day1_TCAGGATAGGGATGGG-1	10
beige.day1_TCAGGATAGTCATGCT-1	9
beige.day1_TCAGGATCATATGAGA-1	10
beige.day1_TCAGGATCATATGGTC-1	7
beige.day1_TCAGGATTCCCTTGCA-1	10
beige.day1_TCAGGATTCGAGAGCA-1	6
beige.day1_TCAGGATTCGGACAAG-1	6
beige.day1_TCAGGTAAGTAGCCGA-1	6
beige.day1_TCAGGTAAGTGCCATT-1	6
beige.day1_TCAGGTACATTCTTAC-1	6
beige.day1_TCAGGTAGTGCGGTAA-1	7
beige.day1_TCAGGTATCCACGCAG-1	6
beige.day1_TCATTTGAGCTAACTC-1	5
beige.day1_TCATTTGCATTGGTAC-1	7
beige.day1_TCCACACAGTGCCAGA-1	4
beige.day1_TCCACACCATGTCGAT-1	6
beige.day1_TCCCGATAGGTGCACA-1	6
beige.day1_TCGAGGCCACCGAATT-1	6
beige.day1_TCGAGGCCACGAAACG-1	6
beige.day1_TCGCGAGGTGAGGGTT-1	7
beige.day1_TCGCGAGTCGCATGAT-1	6
beige.day1_TCGCGTTAGCTAAACA-1	6
beige.day1_TCGGTAACAGATAATG-1	8
beige.day1_TCGTACCCACGGCTAC-1	6
beige.day1_TCGTAGAAGCTGTCTA-1	7
beige.day1_TCGTAGATCCAGTAGT-1	7
beige.day1_TCTATTGAGTCAAGGC-1	8
beige.day1_TCTCATACACAACGTT-1	7
beige.day1_TCTCATACATGGATGG-1	8
beige.day1_TCTCTAACAATCTACG-1	6
beige.day1_TCTGAGAGTGTATGGG-1	6
beige.day1_TCTGGAAAGGCCATAG-1	1
beige.day1_TCTTCGGCAGATCTGT-1	7
beige.day1_TCTTCGGTCATTTGGG-1	6
beige.day1_TCTTCGGTCTACTATC-1	7
beige.day1_TCTTTCCGTATAGGTA-1	1
beige.day1_TCTTTCCGTCACAAGG-1	6
beige.day1_TGAAAGACAAAGGAAG-1	4
beige.day1_TGAAAGACAATAACGA-1	8
beige.day1_TGACAACTCATAACCG-1	8
beige.day1_TGACGGCAGGGTCTCC-1	9
beige.day1_TGACTAGCAGATAATG-1	1
beige.day1_TGACTAGTCTCAACTT-1	1
beige.day1_TGAGAGGAGCACACAG-1	4
beige.day1_TGAGCATGTTCCACGG-1	7
beige.day1_TGAGCATTCACTATTC-1	6
beige.day1_TGAGCCGGTAGCGTAG-1	8
beige.day1_TGAGCCGTCTCTTATG-1	6
beige.day1_TGAGGGAGTACACCGC-1	7
beige.day1_TGAGGGATCTCCTATA-1	8
beige.day1_TGATTTCCAGACGCCT-1	6
beige.day1_TGATTTCTCCTTAATC-1	6
beige.day1_TGCACCTAGCGTGTCC-1	6
beige.day1_TGCACCTTCTTATCTG-1	10
beige.day1_TGCCAAATCCATGAAC-1	10
beige.day1_TGCCCATCAGGCTGAA-1	7
beige.day1_TGCCCATGTTTGACAC-1	7
beige.day1_TGCCCTAAGACAGGCT-1	6
beige.day1_TGCCCTACAAGGTGTG-1	7
beige.day1_TGCCCTAGTACTTGAC-1	5
beige.day1_TGCCCTAGTTGAGGTG-1	6
beige.day1_TGCGCAGCAGCTGTTA-1	6
beige.day1_TGCGCAGTCCCGACTT-1	10
beige.day1_TGCGCAGTCCGTCAAA-1	8
beige.day1_TGCGTGGGTACGACCC-1	10
beige.day1_TGCTACCAGTAGATGT-1	6
beige.day1_TGCTACCCAGGTGCCT-1	6
beige.day1_TGCTACCCATATACGC-1	7
beige.day1_TGCTACCTCAGCCTAA-1	6
beige.day1_TGCTGCTCACCGAAAG-1	6
beige.day1_TGCTGCTCACCGCTAG-1	6
beige.day1_TGGACGCCAAATTGCC-1	7
beige.day1_TGGACGCCATCAGTAC-1	6
beige.day1_TGGACGCTCGGACAAG-1	8
beige.day1_TGGCCAGCAAAGTGCG-1	6
beige.day1_TGGCGCATCAGAGGTG-1	10
beige.day1_TGGCTGGAGTGGGATC-1	6
beige.day1_TGGCTGGGTAATCACC-1	6
beige.day1_TGGCTGGGTAGAGGAA-1	7
beige.day1_TGGGAAGGTAGCGTGA-1	1
beige.day1_TGGGAAGTCATATCGG-1	7
beige.day1_TGGGAAGTCTTGTACT-1	10
beige.day1_TGGGCGTCATCAGTCA-1	7
beige.day1_TGGGCGTGTCGCGAAA-1	11
beige.day1_TGGGCGTGTTATGTGC-1	6
beige.day1_TGGGCGTTCTCGATGA-1	7
beige.day1_TGTATTCGTCCAACTA-1	6
beige.day1_TGTATTCTCGGAGCAA-1	7
beige.day1_TGTCCCAAGGATGCGT-1	6
beige.day1_TGTCCCACACGGTAAG-1	7
beige.day1_TGTCCCATCCGCATAA-1	3
beige.day1_TGTGTTTAGATATACG-1	5
beige.day1_TGTGTTTAGCTGCGAA-1	7
beige.day1_TGTGTTTTCCAGATCA-1	7
beige.day1_TGTTCCGGTCCCGACA-1	9
beige.day1_TGTTCCGGTGAAATCA-1	9
beige.day1_TTAACTCCAATTGCTG-1	6
beige.day1_TTAACTCGTTCACGGC-1	6
beige.day1_TTAACTCTCATGTGGT-1	6
beige.day1_TTAGGACAGCCCAACC-1	7
beige.day1_TTAGGCAAGAAGGTTT-1	6
beige.day1_TTAGGCAGTTAAAGTG-1	10
beige.day1_TTAGGCATCACTCTTA-1	8
beige.day1_TTATGCTCACCAACCG-1	7
beige.day1_TTCCCAGAGCTACCGC-1	6
beige.day1_TTCCCAGAGTCACGCC-1	6
beige.day1_TTCGAAGAGCAGCGTA-1	6
beige.day1_TTCGAAGAGGTACTCT-1	1
beige.day1_TTCGAAGAGTATGACA-1	7
beige.day1_TTCGAAGGTCTGCAAT-1	6
beige.day1_TTCGAAGTCCGCGGTA-1	10
beige.day1_TTCGGTCGTAAATACG-1	1
beige.day1_TTCGGTCGTTCACGGC-1	6
beige.day1_TTCGGTCTCTTGTTTG-1	9
beige.day1_TTCTACAGTCTCTCGT-1	6
beige.day1_TTCTACAGTTATCCGA-1	1
beige.day1_TTCTCAAAGACTAGAT-1	4
beige.day1_TTCTCAAAGCTACCTA-1	7
beige.day1_TTCTCAAAGGTGCTAG-1	6
beige.day1_TTCTCCTAGGCAATTA-1	3
beige.day1_TTCTCCTGTGCTGTAT-1	7
beige.day1_TTCTCCTGTGGGTCAA-1	6
beige.day1_TTCTCCTTCGCGTTTC-1	7
beige.day1_TTCTTAGAGTTAGCGG-1	1
beige.day1_TTCTTAGCACATCCGG-1	7
beige.day1_TTCTTAGCATGTCCTC-1	6
beige.day1_TTGAACGAGGGTCTCC-1	7
beige.day1_TTGAACGGTCAGGACA-1	8
beige.day1_TTGACTTTCGCGTTTC-1	6
beige.day1_TTGCCGTCACTGTCGG-1	7
beige.day1_TTGCCGTCATGCAATC-1	6
beige.day1_TTGCCGTTCAGTTCGA-1	6
beige.day1_TTGCGTCAGGCATTGG-1	6
beige.day1_TTGCGTCCAACTGCTA-1	8
beige.day1_TTGCGTCTCGTATCAG-1	1
beige.day1_TTGGAACAGACTAGGC-1	6
beige.day1_TTGGAACAGTGCCATT-1	1
beige.day1_TTGGAACAGTTCGATC-1	6
beige.day1_TTGGAACCAAGCGTAG-1	1
beige.day1_TTGGAACCAGTCCTTC-1	7
beige.day1_TTGGCAACACCTGGTG-1	1
beige.day1_TTGGCAATCTATCCTA-1	9
beige.day1_TTGTAGGGTGGCAAAC-1	7
beige.day1_TTGTAGGTCTATCCCG-1	8
beige.day1_TTGTAGGTCTGGTTCC-1	6
beige.day1_TTTACTGAGTTACCCA-1	6
beige.day1_TTTACTGGTCACCCAG-1	3
beige.day1_TTTATGCAGAGGACGG-1	5
beige.day1_TTTATGCGTACAGTGG-1	7
beige.day1_TTTATGCTCCACGCAG-1	7
beige.day1_TTTCCTCGTGTGCCTG-1	6
beige.day1_TTTGCGCTCCAGTAGT-1	8
beige.day1_TTTGGTTAGGACACCA-1	6
beige.day1_TTTGGTTAGGTTCCTA-1	8
beige.day1_TTTGGTTCAACTGCTA-1	6
beige.day1_TTTGGTTCACTGTCGG-1	6
beige.day1_TTTGGTTGTACTCTCC-1	6
beige.day1_TTTGGTTTCCTCATTA-1	6
beige.day1_TTTGTCAAGAGCTGGT-1	10
beige.day1_TTTGTCAAGCGGCTTC-1	6
beige.day1_TTTGTCACATGTCGAT-1	7
beige.day1_TTTGTCAGTTATCACG-1	6
beige.day3_AAAGATGAGGCGCTCT-1	10
beige.day3_AAAGATGCAGACAAAT-1	14
beige.day3_AAAGCAAAGAAGGACA-1	10
beige.day3_AAAGCAATCCATGAGT-1	9
beige.day3_AAAGCAATCTCCTATA-1	13
beige.day3_AAAGTAGCAACTGCGC-1	8
beige.day3_AAAGTAGGTCGACTAT-1	10
beige.day3_AACACGTCAATCGGTT-1	12
beige.day3_AACACGTGTACTTCTT-1	12
beige.day3_AACCATGAGCACCGCT-1	10
beige.day3_AACCGCGGTGTGTGCC-1	7
beige.day3_AACCGCGGTTCTGAAC-1	10
beige.day3_AACGTTGCATCGGTTA-1	11
beige.day3_AACTCAGCACGAGGTA-1	14
beige.day3_AACTCCCAGCCACCTG-1	13
beige.day3_AACTCCCGTGTGACCC-1	9
beige.day3_AACTCCCTCCTTCAAT-1	14
beige.day3_AACTCCCTCGTACGGC-1	11
beige.day3_AACTCTTAGAGGTAGA-1	10
beige.day3_AACTCTTCAAGACACG-1	14
beige.day3_AACTGGTAGGCTAGAC-1	12
beige.day3_AACTGGTCACCCAGTG-1	14
beige.day3_AACTTTCAGTGATCGG-1	12
beige.day3_AACTTTCGTCGCATCG-1	13
beige.day3_AAGACCTCAAACGTGG-1	10
beige.day3_AAGACCTCAAATTGCC-1	12
beige.day3_AAGACCTCACCAGATT-1	12
beige.day3_AAGCCGCAGACTGGGT-1	12
beige.day3_AAGCCGCAGTCATGCT-1	6
beige.day3_AAGCCGCGTAGTAGTA-1	12
beige.day3_AAGGAGCCACCGAAAG-1	12
beige.day3_AAGGAGCCATGATCCA-1	14
beige.day3_AAGGAGCGTCTCCACT-1	9
beige.day3_AAGGAGCTCAACACGT-1	6
beige.day3_AAGGCAGGTCAAACTC-1	10
beige.day3_AAGGCAGGTGTTAAGA-1	13
beige.day3_AAGGCAGTCATCGCTC-1	12
beige.day3_AAGGTTCAGCGCCTCA-1	14
beige.day3_AAGTCTGAGCGATATA-1	10
beige.day3_AAGTCTGCAGGCTGAA-1	10
beige.day3_AAGTCTGGTAGAGGAA-1	13
beige.day3_AATCCAGCACGCTTTC-1	14
beige.day3_AATCCAGCAGGGCATA-1	12
beige.day3_AATCCAGCATCCGGGT-1	11
beige.day3_AATCCAGTCCTTTCTC-1	12
beige.day3_AATCGGTGTGACAAAT-1	11
beige.day3_ACACCAAAGTAGGTGC-1	13
beige.day3_ACACCAATCCAAATGC-1	12
beige.day3_ACACCCTAGAGGACGG-1	13
beige.day3_ACACCGGAGAAACGCC-1	9
beige.day3_ACACCGGAGGTCATCT-1	12
beige.day3_ACACCGGCACTCGACG-1	13
beige.day3_ACAGCCGAGTACGCCC-1	14
beige.day3_ACAGCCGCAATAAGCA-1	10
beige.day3_ACAGCTAAGCGATAGC-1	13
beige.day3_ACATACGCAGGACCCT-1	14
beige.day3_ACATGGTCACGGATAG-1	10
beige.day3_ACATGGTTCTTCGAGA-1	14
beige.day3_ACCAGTAAGCGATGAC-1	11
beige.day3_ACCAGTAAGCGTCAAG-1	11
beige.day3_ACCAGTAGTACCCAAT-1	10
beige.day3_ACCAGTAGTCTGATCA-1	7
beige.day3_ACCCACTAGGATGGAA-1	5
beige.day3_ACCCACTGTATCGCAT-1	12
beige.day3_ACCCACTTCGCGTTTC-1	9
beige.day3_ACCTTTACAAGGCTCC-1	13
beige.day3_ACCTTTAGTGTGTGCC-1	12
beige.day3_ACCTTTAGTTCTGGTA-1	10
beige.day3_ACCTTTATCGTCGTTC-1	13
beige.day3_ACGAGCCAGTTGTAGA-1	11
beige.day3_ACGAGCCCAGAAGCAC-1	13
beige.day3_ACGAGCCCAGGCTGAA-1	10
beige.day3_ACGAGCCGTCCGTTAA-1	8
beige.day3_ACGAGCCTCAACACGT-1	10
beige.day3_ACGAGGATCGAATGCT-1	10
beige.day3_ACGATACAGAAACCAT-1	10
beige.day3_ACGATACAGGATATAC-1	14
beige.day3_ACGATACCAGCTGTTA-1	12
beige.day3_ACGATACGTGAGGCTA-1	10
beige.day3_ACGCAGCAGGTTCCTA-1	12
beige.day3_ACGCAGCCATGAACCT-1	14
beige.day3_ACGCAGCCATGTTCCC-1	10
beige.day3_ACGCCAGCAGCGTCCA-1	14
beige.day3_ACGCCAGTCAAACGGG-1	14
beige.day3_ACGCCGATCCGTTGCT-1	9
beige.day3_ACGGAGAGTGAAATCA-1	10
beige.day3_ACGGAGAGTGTTGGGA-1	12
beige.day3_ACGGAGATCCAGAGGA-1	10
beige.day3_ACGGCCAGTTTGTTGG-1	10
beige.day3_ACGGCCATCATGTGGT-1	10
beige.day3_ACGGCCATCTCAAGTG-1	7
beige.day3_ACGGGCTGTGAGTATA-1	14
beige.day3_ACGGGCTTCCGAGCCA-1	14
beige.day3_ACGGGTCAGTGAATTG-1	10
beige.day3_ACGTCAACACGGCCAT-1	14
beige.day3_ACGTCAATCGCAGGCT-1	12
beige.day3_ACTATCTAGCTCCTCT-1	9
beige.day3_ACTATCTAGGACACCA-1	10
beige.day3_ACTATCTCACTTCGAA-1	13
beige.day3_ACTATCTTCTGTTGAG-1	12
beige.day3_ACTGAACGTACCATCA-1	13
beige.day3_ACTGAACTCCTTGGTC-1	9
beige.day3_ACTGAGTGTCAGGACA-1	11
beige.day3_ACTGAGTGTGTTTGTG-1	14
beige.day3_ACTGATGAGCCACGTC-1	10
beige.day3_ACTGATGCAAGCGTAG-1	14
beige.day3_ACTGCTCCAGTTAACC-1	13
beige.day3_ACTGCTCGTTAAGAAC-1	8
beige.day3_ACTGCTCTCTCCGGTT-1	13
beige.day3_ACTGTCCGTCTAGCCG-1	10
beige.day3_ACTGTCCTCATATCGG-1	10
beige.day3_ACTTACTAGTACATGA-1	10
beige.day3_ACTTACTGTCCAGTTA-1	11
beige.day3_ACTTACTGTCCGTTAA-1	13
beige.day3_ACTTGTTCATCGGGTC-1	13
beige.day3_ACTTGTTTCCGCATCT-1	9
beige.day3_ACTTTCACAGCGAACA-1	12
beige.day3_AGAATAGTCCTATGTT-1	10
beige.day3_AGACGTTAGGGTTTCT-1	8
beige.day3_AGACGTTAGTGCCAGA-1	14
beige.day3_AGAGCGAAGAGACTTA-1	11
beige.day3_AGAGCGAAGATCCGAG-1	12
beige.day3_AGAGCGAAGTGATCGG-1	10
beige.day3_AGAGCGAAGTTAGGTA-1	11
beige.day3_AGAGCGAGTGCCTGTG-1	11
beige.day3_AGAGCTTAGAGCTATA-1	14
beige.day3_AGAGCTTAGTCTCAAC-1	14
beige.day3_AGAGCTTCACCTTGTC-1	10
beige.day3_AGAGTGGCATAGACTC-1	14
beige.day3_AGATTGCTCTGAGTGT-1	11
beige.day3_AGCAGCCAGATAGTCA-1	8
beige.day3_AGCAGCCAGTGTTAGA-1	13
beige.day3_AGCAGCCTCCTTGGTC-1	7
beige.day3_AGCATACAGTCCAGGA-1	13
beige.day3_AGCATACCAAGCCGCT-1	14
beige.day3_AGCATACGTCATCCCT-1	9
beige.day3_AGCCTAAAGTCCCACG-1	11
beige.day3_AGCCTAATCTGACCTC-1	10
beige.day3_AGCGGTCAGCAATATG-1	11
beige.day3_AGCGGTCCAAGTTGTC-1	11
beige.day3_AGCGGTCGTAGAGCTG-1	14
beige.day3_AGCGTATCACATGTGT-1	6
beige.day3_AGCGTATCAGTATGCT-1	14
beige.day3_AGCTCTCAGCGCCTTG-1	10
beige.day3_AGCTCTCCACATCCGG-1	14
beige.day3_AGCTCTCGTCCTCTTG-1	14
beige.day3_AGCTCTCTCAGCAACT-1	14
beige.day3_AGCTCTCTCCTTTACA-1	10
beige.day3_AGCTTGAAGCCTATGT-1	13
beige.day3_AGCTTGACACAAGACG-1	10
beige.day3_AGCTTGAGTTTGACTG-1	14
beige.day3_AGCTTGATCCCTTGCA-1	10
beige.day3_AGGCCGTAGAAGGTTT-1	10
beige.day3_AGGCCGTAGCGATTCT-1	10
beige.day3_AGGCCGTCAACGCACC-1	13
beige.day3_AGGCCGTCAGTATGCT-1	10
beige.day3_AGGGAGTAGCTAAGAT-1	7
beige.day3_AGGGAGTAGTGGAGTC-1	9
beige.day3_AGGGAGTCACTTAACG-1	13
beige.day3_AGGGAGTCATACCATG-1	12
beige.day3_AGGGAGTCATCACGTA-1	12
beige.day3_AGGGTGAAGCGTTGCC-1	13
beige.day3_AGGGTGAAGGGCTTGA-1	11
beige.day3_AGGGTGACAATGCCAT-1	10
beige.day3_AGGGTGACAGCTCCGA-1	10
beige.day3_AGGTCATAGACGCACA-1	13
beige.day3_AGGTCCGAGTACGTTC-1	11
beige.day3_AGGTCCGTCCTTAATC-1	14
beige.day3_AGTAGTCAGAACTGTA-1	11
beige.day3_AGTAGTCAGAGACGAA-1	13
beige.day3_AGTAGTCAGCCCAATT-1	10
beige.day3_AGTAGTCAGTTATCGC-1	10
beige.day3_AGTAGTCCACACAGAG-1	10
beige.day3_AGTAGTCGTCTCTCTG-1	10
beige.day3_AGTAGTCGTTGGTGGA-1	10
beige.day3_AGTCTTTTCACCCGAG-1	10
beige.day3_AGTCTTTTCGTCACGG-1	8
beige.day3_AGTCTTTTCTGTCCGT-1	14
beige.day3_AGTGAGGGTTCACGGC-1	10
beige.day3_AGTGGGACAAAGGAAG-1	13
beige.day3_AGTGTCAGTTATGTGC-1	14
beige.day3_AGTGTCAGTTGAACTC-1	13
beige.day3_AGTTGGTGTACCCAAT-1	10
beige.day3_AGTTGGTTCTTCTGGC-1	10
beige.day3_ATAACGCAGAACAATC-1	12
beige.day3_ATAACGCGTGCACCAC-1	11
beige.day3_ATAACGCTCTCATTCA-1	12
beige.day3_ATAAGAGCACGTCTCT-1	14
beige.day3_ATAAGAGTCATGTGGT-1	10
beige.day3_ATAGACCCAACTGGCC-1	13
beige.day3_ATAGACCCATTTCAGG-1	10
beige.day3_ATCACGACAAACCTAC-1	8
beige.day3_ATCACGATCAAACCAC-1	13
beige.day3_ATCATCTGTTGGTAAA-1	12
beige.day3_ATCATGGAGCCCAGCT-1	11
beige.day3_ATCATGGGTTAAGGGC-1	10
beige.day3_ATCCACCAGCCGATTT-1	12
beige.day3_ATCCACCGTTGTGGCC-1	10
beige.day3_ATCCGAAAGGAATGGA-1	6
beige.day3_ATCCGAAAGTGCCATT-1	11
beige.day3_ATCGAGTTCTAACTCT-1	9
beige.day3_ATCTACTCACCCAGTG-1	7
beige.day3_ATCTACTCAGGAACGT-1	10
beige.day3_ATCTACTGTTAAGGGC-1	10
beige.day3_ATCTGCCAGAGTTGGC-1	13
beige.day3_ATCTGCCCAGCTCGCA-1	13
beige.day3_ATCTGCCGTACCGTAT-1	12
beige.day3_ATGAGGGAGCTAGTGG-1	11
beige.day3_ATGAGGGAGTCTCCTC-1	14
beige.day3_ATGAGGGCATAGAAAC-1	12
beige.day3_ATGCGATAGATCTGCT-1	9
beige.day3_ATGCGATAGGTAGCCA-1	12
beige.day3_ATGCGATCAGTCGTGC-1	14
beige.day3_ATGGGAGGTGCCTGTG-1	8
beige.day3_ATGGGAGGTGTTTGGT-1	11
beige.day3_ATGGGAGTCTTGGGTA-1	14
beige.day3_ATGTGTGCAATGGATA-1	10
beige.day3_ATTACTCAGCCACCTG-1	14
beige.day3_ATTACTCAGGTGCACA-1	14
beige.day3_ATTACTCCAGGGCATA-1	14
beige.day3_ATTACTCGTTAGTGGG-1	13
beige.day3_ATTATCCAGGAGTCTG-1	11
beige.day3_ATTATCCCAAACGCGA-1	9
beige.day3_ATTATCCTCCTACAGA-1	10
beige.day3_ATTATCCTCGGTGTTA-1	14
beige.day3_ATTCTACAGAAGCCCA-1	13
beige.day3_ATTCTACAGCGATCCC-1	10
beige.day3_ATTCTACAGGCTACGA-1	8
beige.day3_ATTCTACCATCTATGG-1	11
beige.day3_ATTCTACGTAAGTGGC-1	11
beige.day3_ATTCTACTCCTACAGA-1	14
beige.day3_ATTGGACCACTTGGAT-1	12
beige.day3_ATTGGACGTACTCAAC-1	11
beige.day3_ATTGGACGTTATGTGC-1	7
beige.day3_ATTGGACGTTCCCGAG-1	13
beige.day3_ATTGGTGAGGTCGGAT-1	14
beige.day3_ATTGGTGCAGGGATTG-1	6
beige.day3_ATTTCTGTCTGTGCAA-1	10
beige.day3_ATTTCTGTCTTTAGTC-1	13
beige.day3_CAACCAAAGTACACCT-1	7
beige.day3_CAACCAATCCAGTAGT-1	10
beige.day3_CAACCAATCGATGAGG-1	14
beige.day3_CAACCTCCATCATCCC-1	11
beige.day3_CAACCTCGTCAACTGT-1	14
beige.day3_CAACCTCTCCGGCACA-1	11
beige.day3_CAACCTCTCGTCACGG-1	13
beige.day3_CAACCTCTCTTCGGTC-1	13
beige.day3_CAACTAGGTGCAACGA-1	10
beige.day3_CAAGAAACAGTCGTGC-1	10
beige.day3_CAAGAAACATTCACTT-1	10
beige.day3_CAAGAAAGTAGCCTAT-1	12
beige.day3_CAAGAAATCGTATCAG-1	10
beige.day3_CAAGATCTCTTATCTG-1	9
beige.day3_CAAGGCCAGTGTTTGC-1	10
beige.day3_CAAGGCCCAATGGTCT-1	10
beige.day3_CAAGGCCGTGAGCGAT-1	13
beige.day3_CAAGGCCTCTGCGACG-1	12
beige.day3_CAAGTTGAGTCTCAAC-1	14
beige.day3_CAAGTTGCAAGCTGAG-1	11
beige.day3_CAAGTTGCACGAAATA-1	12
beige.day3_CAAGTTGCAGGAACGT-1	8
beige.day3_CAAGTTGTCGACCAGC-1	14
beige.day3_CAAGTTGTCGGTGTTA-1	11
beige.day3_CACAAACCATCCGCGA-1	9
beige.day3_CACAAACGTAATTGGA-1	9
beige.day3_CACAAACTCGAATGGG-1	13
beige.day3_CACACAACATTCTCAT-1	13
beige.day3_CACACAAGTTCTGAAC-1	9
beige.day3_CACACCTCACCAGATT-1	10
beige.day3_CACACCTCAGCTTAAC-1	12
beige.day3_CACACCTTCTGTTTGT-1	12
beige.day3_CACACTCGTCCGAGTC-1	10
beige.day3_CACAGGCGTGAAGGCT-1	13
beige.day3_CACAGTAAGGGCATGT-1	13
beige.day3_CACAGTAGTGTGAAAT-1	12
beige.day3_CACAGTATCAGGTAAA-1	10
beige.day3_CACAGTATCGGCTACG-1	14
beige.day3_CACATAGCAGACGCCT-1	8
beige.day3_CACATAGTCATTGCCC-1	10
beige.day3_CACATTTTCTTAGAGC-1	10
beige.day3_CACCACTAGTAACCCT-1	11
beige.day3_CACCACTAGTCCCACG-1	10
beige.day3_CACCTTGAGTGGGTTG-1	11
beige.day3_CACCTTGCACCGAATT-1	10
beige.day3_CACCTTGTCGAATGGG-1	11
beige.day3_CACTCCATCACTATTC-1	14
beige.day3_CACTCCATCTGTACGA-1	10
beige.day3_CAGAATCAGGATGCGT-1	10
beige.day3_CAGAGAGTCACCACCT-1	10
beige.day3_CAGAGAGTCTATGTGG-1	9
beige.day3_CAGATCACATGCTAGT-1	13
beige.day3_CAGATCAGTCCGTCAG-1	13
beige.day3_CAGCATAAGGGTCGAT-1	10
beige.day3_CAGCATACAAGTAATG-1	12
beige.day3_CAGCATACAGTCTTCC-1	11
beige.day3_CAGCCGAAGTGAAGAG-1	14
beige.day3_CAGCCGACAGATCTGT-1	11
beige.day3_CAGCGACCAGGTGCCT-1	12
beige.day3_CAGCGACGTTGCGCAC-1	10
beige.day3_CAGCTAAGTTGGACCC-1	7
beige.day3_CAGCTAATCGCAAGCC-1	5
beige.day3_CAGCTGGAGTGCCAGA-1	10
beige.day3_CAGGTGCCAGCTCGAC-1	14
beige.day3_CAGGTGCTCAACGAAA-1	14
beige.day3_CAGTAACAGGATGGTC-1	14
beige.day3_CAGTAACCAGTTTACG-1	7
beige.day3_CAGTAACGTCCCTTGT-1	14
beige.day3_CAGTCCTAGCGTGAAC-1	7
beige.day3_CAGTCCTAGGTAGCCA-1	11
beige.day3_CATATGGAGGCCCTTG-1	10
beige.day3_CATATGGCATTTGCCC-1	13
beige.day3_CATATTCCACGGTAGA-1	10
beige.day3_CATATTCTCTTCTGGC-1	10
beige.day3_CATCAAGGTTCGTTGA-1	8
beige.day3_CATCAGAAGCCAGTTT-1	13
beige.day3_CATCAGAAGGACCACA-1	13
beige.day3_CATCAGACATGCGCAC-1	13
beige.day3_CATCCACGTATGGTTC-1	7
beige.day3_CATCGAAGTTGCTCCT-1	10
beige.day3_CATCGGGAGGACGAAA-1	10
beige.day3_CATCGGGTCCGCGGTA-1	12
beige.day3_CATGACAAGGAGCGAG-1	10
beige.day3_CATGACACAACAACCT-1	7
beige.day3_CATGCCTAGAAGGACA-1	10
beige.day3_CATGCCTAGTAACCCT-1	11
beige.day3_CATGCCTCACTTAAGC-1	12
beige.day3_CATGCCTCAGGATTGG-1	13
beige.day3_CATGGCGAGGCAATTA-1	12
beige.day3_CATGGCGGTTCACGGC-1	12
beige.day3_CATTATCAGCAATATG-1	10
beige.day3_CATTCGCTCGATCCCT-1	10
beige.day3_CCAATCCTCACTCCTG-1	9
beige.day3_CCACCTACAGCATACT-1	10
beige.day3_CCACCTATCTGCCAGG-1	11
beige.day3_CCACGGAAGCGTCAAG-1	10
beige.day3_CCACGGATCGACCAGC-1	14
beige.day3_CCACTACCACAGGAGT-1	13
beige.day3_CCACTACGTTTACTCT-1	12
beige.day3_CCACTACTCTTGGGTA-1	12
beige.day3_CCAGCGAAGCGATGAC-1	12
beige.day3_CCAGCGATCTCTGAGA-1	11
beige.day3_CCATGTCCACGCTTTC-1	13
beige.day3_CCATGTCGTAGGACAC-1	13
beige.day3_CCATGTCTCATCGATG-1	11
beige.day3_CCATTCGAGTACGCCC-1	10
beige.day3_CCATTCGTCTCAAACG-1	10
beige.day3_CCCAATCCAGCTTCGG-1	6
beige.day3_CCCAATCGTCGCATAT-1	10
beige.day3_CCCAATCTCTACGAGT-1	11
beige.day3_CCCAGTTAGCCACGCT-1	10
beige.day3_CCCAGTTGTGGCCCTA-1	12
beige.day3_CCCAGTTTCATAACCG-1	13
beige.day3_CCCATACAGATCGGGT-1	12
beige.day3_CCCTCCTAGACAGAGA-1	9
beige.day3_CCCTCCTAGACTACAA-1	6
beige.day3_CCCTCCTCATAGTAAG-1	11
beige.day3_CCCTCCTGTGGTAACG-1	12
beige.day3_CCCTCCTTCTCCAACC-1	8
beige.day3_CCGGGATAGGCAGTCA-1	14
beige.day3_CCGGGATCAGACAGGT-1	14
beige.day3_CCGGGATGTAGGGACT-1	11
beige.day3_CCGGGATGTTAAAGTG-1	12
beige.day3_CCGGTAGCAAGAAGAG-1	14
beige.day3_CCGGTAGCATAAGACA-1	14
beige.day3_CCGTACTAGTGGTAAT-1	13
beige.day3_CCGTGGAAGACGCTTT-1	12
beige.day3_CCGTTCACACTTCGAA-1	11
beige.day3_CCGTTCATCTGTCCGT-1	12
beige.day3_CCTAAAGGTACAGACG-1	10
beige.day3_CCTACACCAATGGAAT-1	13
beige.day3_CCTACACTCATATCGG-1	12
beige.day3_CCTACCAAGCTACCTA-1	13
beige.day3_CCTAGCTCAACGCACC-1	10
beige.day3_CCTATTACACATTAGC-1	7
beige.day3_CCTCAGTAGGAATGGA-1	9
beige.day3_CCTCAGTGTCAGATAA-1	10
beige.day3_CCTCTGACATCACCCT-1	10
beige.day3_CCTCTGACATCCTAGA-1	7
beige.day3_CCTTACGTCATGTCTT-1	10
beige.day3_CCTTACGTCTTAACCT-1	10
beige.day3_CCTTCGACAACACGCC-1	14
beige.day3_CCTTCGATCAGTCCCT-1	9
beige.day3_CCTTTCTAGTGGGATC-1	13
beige.day3_CCTTTCTCACTTACGA-1	14
beige.day3_CCTTTCTCAGGGCATA-1	12
beige.day3_CCTTTCTGTAGATTAG-1	9
beige.day3_CGAACATCAGATCCAT-1	10
beige.day3_CGAACATCATGCCCGA-1	10
beige.day3_CGAACATTCATCGCTC-1	14
beige.day3_CGAACATTCTCTGCTG-1	10
beige.day3_CGACCTTAGACAAAGG-1	10
beige.day3_CGACCTTGTTGGTTTG-1	10
beige.day3_CGACCTTTCTTTACAC-1	10
beige.day3_CGACTTCCACGGTAAG-1	9
beige.day3_CGACTTCCAGGACCCT-1	10
beige.day3_CGACTTCTCCCTAATT-1	10
beige.day3_CGACTTCTCTTGAGAC-1	14
beige.day3_CGAGAAGAGTCCGGTC-1	11
beige.day3_CGAGCACAGTGACTCT-1	12
beige.day3_CGAGCACCAGCTTAAC-1	10
beige.day3_CGAGCACGTTTCGCTC-1	10
beige.day3_CGAGCACTCAAGAAGT-1	8
beige.day3_CGAGCCAGTCAAGCGA-1	11
beige.day3_CGAGCCAGTCTAACGT-1	10
beige.day3_CGATGGCCACTTCGAA-1	13
beige.day3_CGATGGCCAGTTAACC-1	14
beige.day3_CGATGTACAAGGTGTG-1	12
beige.day3_CGATGTACACGTAAGG-1	10
beige.day3_CGATGTAGTATCACCA-1	13
beige.day3_CGATTGAGTATATGGA-1	10
beige.day3_CGCCAAGCATGGTTGT-1	13
beige.day3_CGCGGTATCATAAAGG-1	10
beige.day3_CGCGTTTAGGGCATGT-1	10
beige.day3_CGCGTTTAGTGTGGCA-1	10
beige.day3_CGCGTTTGTGGTGTAG-1	14
beige.day3_CGCTATCAGCAGATCG-1	13
beige.day3_CGCTATCAGGCGACAT-1	10
beige.day3_CGCTATCGTCAATACC-1	14
beige.day3_CGCTGGAAGACAAGCC-1	7
beige.day3_CGCTGGATCACAAACC-1	7
beige.day3_CGCTGGATCTTGACGA-1	12
beige.day3_CGCTTCAAGATCGGGT-1	13
beige.day3_CGCTTCAAGGCAAAGA-1	12
beige.day3_CGCTTCAAGGGTCTCC-1	13
beige.day3_CGCTTCAAGTGTGGCA-1	8
beige.day3_CGCTTCATCGTACGGC-1	10
beige.day3_CGCTTCATCGTCCGTT-1	12
beige.day3_CGGACACCAGCCTTGG-1	12
beige.day3_CGGACGTCACTATCTT-1	10
beige.day3_CGGACGTTCTCGCTTG-1	14
beige.day3_CGGAGTCCAAGCGATG-1	12
beige.day3_CGGAGTCGTAGCGTAG-1	13
beige.day3_CGGAGTCTCCGTAGGC-1	14
beige.day3_CGGCTAGAGAAGGGTA-1	10
beige.day3_CGGCTAGAGCAGGCTA-1	11
beige.day3_CGGCTAGTCATGTCCC-1	12
beige.day3_CGGGTCACAAGGTTCT-1	14
beige.day3_CGGGTCAGTTCCACGG-1	12
beige.day3_CGGTTAAAGTGCCAGA-1	10
beige.day3_CGGTTAACAATCGGTT-1	14
beige.day3_CGGTTAAGTTTGCATG-1	12
beige.day3_CGGTTAATCATTGCGA-1	10
beige.day3_CGTAGCGCAAGGTTCT-1	11
beige.day3_CGTAGCGCAATCGGTT-1	10
beige.day3_CGTAGCGGTCAGAGGT-1	12
beige.day3_CGTAGCGGTCCATGAT-1	13
beige.day3_CGTAGCGTCAAACCGT-1	11
beige.day3_CGTAGGCAGCTGCGAA-1	13
beige.day3_CGTAGGCAGTCACGCC-1	10
beige.day3_CGTAGGCCAATCCAAC-1	13
beige.day3_CGTAGGCCATTGGCGC-1	13
beige.day3_CGTAGGCGTCAATACC-1	10
beige.day3_CGTAGGCGTTGCGTTA-1	10
beige.day3_CGTCACTGTAAGCACG-1	14
beige.day3_CGTCACTTCCCAAGAT-1	10
beige.day3_CGTCAGGTCTGTTTGT-1	11
beige.day3_CGTGAGCAGCCGTCGT-1	10
beige.day3_CGTGAGCTCTAACCGA-1	10
beige.day3_CGTGTAAAGCCTTGAT-1	13
beige.day3_CGTGTAAAGGATATAC-1	11
beige.day3_CGTGTAAAGTCCTCCT-1	12
beige.day3_CGTGTCTGTCTCAACA-1	14
beige.day3_CGTTAGAAGCATCATC-1	12
beige.day3_CGTTAGATCGGTCTAA-1	10
beige.day3_CGTTGGGCACACAGAG-1	11
beige.day3_CGTTGGGTCACTATTC-1	9
beige.day3_CGTTGGGTCGCCTGAG-1	13
beige.day3_CTAAGACTCAAGCCTA-1	11
beige.day3_CTAAGACTCCTTTACA-1	14
beige.day3_CTAAGACTCCTTTCGG-1	10
beige.day3_CTAATGGGTATGGTTC-1	14
beige.day3_CTAATGGTCGTGGACC-1	10
beige.day3_CTACACCCAGGGAGAG-1	11
beige.day3_CTACATTAGCGGATCA-1	11
beige.day3_CTACATTCACAACGTT-1	12
beige.day3_CTACATTTCGCTTAGA-1	12
beige.day3_CTACCCAAGGGAACGG-1	14
beige.day3_CTACCCACAGGGTACA-1	14
beige.day3_CTACCCACATGCCCGA-1	14
beige.day3_CTACCCAGTCCGAATT-1	12
beige.day3_CTACGTCTCTTTAGGG-1	13
beige.day3_CTAGAGTAGTCATGCT-1	14
beige.day3_CTAGAGTGTTGACGTT-1	8
beige.day3_CTAGAGTGTTGGTAAA-1	13
beige.day3_CTAGCCTAGCTAGCCC-1	14
beige.day3_CTAGCCTGTCAATACC-1	14
beige.day3_CTAGCCTTCAAGGTAA-1	10
beige.day3_CTAGCCTTCGAATCCA-1	14
beige.day3_CTAGTGACAGGGATTG-1	14
beige.day3_CTAGTGATCGCTGATA-1	14
beige.day3_CTAGTGATCTGCTTGC-1	6
beige.day3_CTCACACAGCTAAGAT-1	10
beige.day3_CTCACACCACCCATGG-1	10
beige.day3_CTCACACCAGTTCCCT-1	12
beige.day3_CTCACACTCATGGTCA-1	13
beige.day3_CTCAGAAAGGCGACAT-1	10
beige.day3_CTCAGAATCTATCGCC-1	13
beige.day3_CTCATTACACACCGAC-1	10
beige.day3_CTCGAAACACAAGTAA-1	13
beige.day3_CTCGAGGAGAGTACCG-1	9
beige.day3_CTCGAGGGTGCTGTAT-1	14
beige.day3_CTCGGAGAGCCAGAAC-1	12
beige.day3_CTCGGAGGTCAGCTAT-1	12
beige.day3_CTCGGAGGTGTCAATC-1	14
beige.day3_CTCGGGACATGGTAGG-1	12
beige.day3_CTCGGGATCAACGAAA-1	13
beige.day3_CTCGGGATCGGCTACG-1	14
beige.day3_CTCGGGATCTCTTATG-1	12
beige.day3_CTCGTACAGAGCCCAA-1	14
beige.day3_CTCGTACCACTTACGA-1	13
beige.day3_CTCGTACCATGTAAGA-1	14
beige.day3_CTCGTACTCCAGATCA-1	12
beige.day3_CTCGTCAGTAGAGCTG-1	14
beige.day3_CTCGTCATCAACGCTA-1	14
beige.day3_CTCTAATCACCAGCAC-1	11
beige.day3_CTCTACGAGCAGGTCA-1	12
beige.day3_CTCTACGTCAAGGCTT-1	12
beige.day3_CTCTACGTCCACGAAT-1	12
beige.day3_CTCTGGTCAGCGATCC-1	12
beige.day3_CTCTGGTTCGCGATCG-1	13
beige.day3_CTGAAGTAGAAACCAT-1	10
beige.day3_CTGAAGTAGGCGACAT-1	10
beige.day3_CTGAAGTCATGTCCTC-1	14
beige.day3_CTGATAGAGAAACCGC-1	14
beige.day3_CTGATAGCATGGTAGG-1	13
beige.day3_CTGATAGGTCAGAATA-1	10
beige.day3_CTGATAGTCCAGAAGG-1	4
beige.day3_CTGATCCTCCTAAGTG-1	11
beige.day3_CTGCCTACAGCCAATT-1	13
beige.day3_CTGCCTATCACCCGAG-1	12
beige.day3_CTGCGGAAGCGTTGCC-1	12
beige.day3_CTGCGGAAGGATTCGG-1	10
beige.day3_CTGCGGAAGGTTACCT-1	10
beige.day3_CTGCGGAAGTGGTAGC-1	13
beige.day3_CTGCGGACAGTACACT-1	9
beige.day3_CTGCGGACATTCGACA-1	13
beige.day3_CTGCGGAGTGTGACGA-1	14
beige.day3_CTGCTGTCAGCTGCTG-1	10
beige.day3_CTGCTGTGTCACCCAG-1	10
beige.day3_CTGCTGTGTGACCAAG-1	13
beige.day3_CTGGTCTGTCCCTTGT-1	7
beige.day3_CTGTGCTAGGCTCAGA-1	12
beige.day3_CTGTTTACAGAAGCAC-1	10
beige.day3_CTGTTTATCGGCGCAT-1	11
beige.day3_CTTACCGAGGCGACAT-1	13
beige.day3_CTTACCGCAAGCCATT-1	14
beige.day3_CTTACCGCAGGGAGAG-1	11
beige.day3_CTTAGGACATCACCCT-1	14
beige.day3_CTTCTCTAGTGTTGAA-1	11
beige.day3_CTTCTCTTCTACTCAT-1	10
beige.day3_CTTGGCTCACACGCTG-1	12
beige.day3_CTTGGCTCATGGTCAT-1	12
beige.day3_CTTTGCGCAAGTCTAC-1	8
beige.day3_CTTTGCGGTACCATCA-1	14
beige.day3_GAAACTCAGGATCGCA-1	10
beige.day3_GAAACTCAGTTACCCA-1	11
beige.day3_GAAATGAAGGGTCTCC-1	14
beige.day3_GAAATGACAATGTTGC-1	10
beige.day3_GAAATGACAGCTATTG-1	10
beige.day3_GAAATGAGTGGTACAG-1	14
beige.day3_GAAATGATCCACGAAT-1	12
beige.day3_GAACATCAGGACTGGT-1	13
beige.day3_GAACATCAGGCAATTA-1	12
beige.day3_GAACATCAGTCAAGGC-1	8
beige.day3_GAACCTAAGATATACG-1	13
beige.day3_GAACCTAAGTCGCCGT-1	10
beige.day3_GAACCTACAAAGGAAG-1	10
beige.day3_GAACGGATCATGTGGT-1	14
beige.day3_GAAGCAGTCCGTTGCT-1	13
beige.day3_GAATAAGTCCAGAGGA-1	10
beige.day3_GAATGAAAGTGGACGT-1	13
beige.day3_GAATGAACAGGCAGTA-1	10
beige.day3_GAATGAAGTCTCCACT-1	12
beige.day3_GAATGAAGTTGGTTTG-1	10
beige.day3_GACACGCGTCAATGTC-1	10
beige.day3_GACAGAGAGTACCGGA-1	14
beige.day3_GACAGAGCAGGAATCG-1	10
beige.day3_GACCAATGTTCGCGAC-1	12
beige.day3_GACCAATTCACGCGGT-1	10
beige.day3_GACCTGGAGCAACGGT-1	12
beige.day3_GACGCGTCAGGCGATA-1	12
beige.day3_GACGGCTCAGGGAGAG-1	13
beige.day3_GACGTGCCACTCTGTC-1	7
beige.day3_GACGTGCGTCCGTCAG-1	10
beige.day3_GACGTTAAGGCTCAGA-1	13
beige.day3_GACGTTAGTCATCGGC-1	13
beige.day3_GACTAACGTAAGGGCT-1	8
beige.day3_GACTACACAGACGCCT-1	10
beige.day3_GACTACATCAGGCGAA-1	12
beige.day3_GACTGCGAGGCAAAGA-1	13
beige.day3_GACTGCGAGGCTCATT-1	13
beige.day3_GACTGCGCACGGACAA-1	14
beige.day3_GACTGCGCACTGTGTA-1	12
beige.day3_GAGGTGAAGACTGGGT-1	10
beige.day3_GAGGTGATCGGCTACG-1	13
beige.day3_GAGTCCGAGCCCAATT-1	14
beige.day3_GAGTCCGCAGCCTATA-1	13
beige.day3_GAGTCCGGTGTGACCC-1	12
beige.day3_GAGTCCGTCCAGTAGT-1	13
beige.day3_GAGTCCGTCGGCGCAT-1	10
beige.day3_GATCAGTAGGCTAGGT-1	12
beige.day3_GATCAGTGTAGGAGTC-1	10
beige.day3_GATCGATCAATCGAAA-1	12
beige.day3_GATCGATGTCAGGACA-1	11
beige.day3_GATCGATGTGGCGAAT-1	10
beige.day3_GATCGATTCAGAAATG-1	9
beige.day3_GATCGCGAGACTAGAT-1	13
beige.day3_GATCGCGAGTACGCCC-1	13
beige.day3_GATCGCGTCTTGTACT-1	13
beige.day3_GATCTAGAGGTGCAAC-1	13
beige.day3_GATCTAGCAGGTGGAT-1	13
beige.day3_GATGAAAAGACTAGGC-1	12
beige.day3_GATGAAACACGAAATA-1	7
beige.day3_GATGAGGAGAACAATC-1	12
beige.day3_GATGCTAAGGCGATAC-1	10
beige.day3_GATGCTACAGATCGGA-1	12
beige.day3_GATTCAGGTAAATACG-1	11
beige.day3_GATTCAGTCACTTATC-1	12
beige.day3_GATTCAGTCTAACTGG-1	10
beige.day3_GCAAACTAGAAGGTGA-1	11
beige.day3_GCAATCAGTTGGAGGT-1	11
beige.day3_GCACTCTAGGCTACGA-1	14
beige.day3_GCACTCTCAGTAACGG-1	10
beige.day3_GCACTCTGTAAGGATT-1	14
beige.day3_GCAGCCAGTACCGGCT-1	10
beige.day3_GCAGCCAGTCAATGTC-1	10
beige.day3_GCAGCCAGTGAGCGAT-1	8
beige.day3_GCAGTTAAGATGGCGT-1	10
beige.day3_GCAGTTAAGGTGCTAG-1	14
beige.day3_GCATACAGTTAGGGTG-1	14
beige.day3_GCATACATCTGTACGA-1	11
beige.day3_GCATGATCAGGCGATA-1	8
beige.day3_GCATGCGCAAGACACG-1	7
beige.day3_GCATGCGCAGCGAACA-1	12
beige.day3_GCCAAATGTTCAGGCC-1	12
beige.day3_GCCTCTACAGATGGGT-1	10
beige.day3_GCCTCTACAGGGTTAG-1	12
beige.day3_GCCTCTAGTGTGGTTT-1	11
beige.day3_GCGACCACAACACCCG-1	11
beige.day3_GCGAGAAAGTTGTCGT-1	14
beige.day3_GCGAGAAGTTCCGTCT-1	13
beige.day3_GCGCAACAGACGCACA-1	10
beige.day3_GCGCAACAGTCGTACT-1	13
beige.day3_GCGCAGTAGAGGGATA-1	12
beige.day3_GCGCAGTTCGAATCCA-1	14
beige.day3_GCGCGATAGGTGCTAG-1	11
beige.day3_GCGCGATTCAGCTCGG-1	13
beige.day3_GCGGGTTCATCCGGGT-1	13
beige.day3_GCGGGTTGTTTAAGCC-1	14
beige.day3_GCGGGTTTCCGGGTGT-1	14
beige.day3_GCTCCTAGTAGCGATG-1	12
beige.day3_GCTCCTAGTATGGTTC-1	10
beige.day3_GCTCTGTGTTGTGGAG-1	7
beige.day3_GCTGCAGTCCAGATCA-1	14
beige.day3_GCTGCAGTCCTTGACC-1	13
beige.day3_GCTGCGACATCCTAGA-1	14
beige.day3_GCTGCGATCCTTAATC-1	11
beige.day3_GCTGCGATCGTGGACC-1	13
beige.day3_GCTGCGATCTAACTGG-1	12
beige.day3_GCTGCTTCAGATCCAT-1	10
beige.day3_GCTGCTTGTAGTGAAT-1	13
beige.day3_GCTGGGTAGAGACTAT-1	12
beige.day3_GCTGGGTCAATGAATG-1	13
beige.day3_GCTGGGTCACTGTTAG-1	10
beige.day3_GCTGGGTCATCAGTAC-1	14
beige.day3_GCTGGGTGTAGCGTAG-1	11
beige.day3_GCTGGGTGTATAGGGC-1	12
beige.day3_GCTTCCAAGTGTACGG-1	13
beige.day3_GCTTCCACAGGACCCT-1	10
beige.day3_GGAAAGCCAAGAGTCG-1	10
beige.day3_GGAAAGCTCTTGCATT-1	10
beige.day3_GGAACTTAGACGCTTT-1	14
beige.day3_GGAACTTAGGGCATGT-1	13
beige.day3_GGAACTTCACACGCTG-1	13
beige.day3_GGAATAACACCCATGG-1	14
beige.day3_GGAATAAGTCGAATCT-1	13
beige.day3_GGAATAATCGCACTCT-1	13
beige.day3_GGACAAGCAGCTGCTG-1	10
beige.day3_GGACAAGGTTCTGGTA-1	12
beige.day3_GGACAAGTCGGATGGA-1	14
beige.day3_GGACAGAGTACTCTCC-1	10
beige.day3_GGACAGATCCGCAGTG-1	10
beige.day3_GGACATTCACGTGAGA-1	10
beige.day3_GGACATTTCCGCGCAA-1	13
beige.day3_GGACGTCAGGGAACGG-1	10
beige.day3_GGACGTCTCAGTTGAC-1	10
beige.day3_GGAGCAAGTAAATGTG-1	14
beige.day3_GGAGCAATCAGGTTCA-1	12
beige.day3_GGAGCAATCATTTGGG-1	10
beige.day3_GGAGCAATCGCCTGTT-1	11
beige.day3_GGAGCAATCTAGAGTC-1	12
beige.day3_GGATGTTAGAGTAATC-1	14
beige.day3_GGATGTTCATACCATG-1	11
beige.day3_GGATGTTGTCCGACGT-1	10
beige.day3_GGATTACAGCCCTAAT-1	5
beige.day3_GGATTACAGTGGTAAT-1	14
beige.day3_GGATTACCAATGGAAT-1	9
beige.day3_GGATTACGTGATAAAC-1	9
beige.day3_GGCAATTTCACAAACC-1	8
beige.day3_GGCAATTTCACTTATC-1	10
beige.day3_GGCAATTTCATCGATG-1	12
beige.day3_GGCAATTTCGCCTGAG-1	14
beige.day3_GGCCGATAGTGAACAT-1	10
beige.day3_GGCCGATCACGTGAGA-1	13
beige.day3_GGCCGATTCGGCCGAT-1	12
beige.day3_GGCGTGTCAAGAAAGG-1	14
beige.day3_GGCGTGTGTTAAGGGC-1	14
beige.day3_GGCTCGAGTCCGAAGA-1	10
beige.day3_GGCTGGTAGAGACTAT-1	12
beige.day3_GGCTGGTAGGTCGGAT-1	14
beige.day3_GGCTGGTCAGAGCCAA-1	12
beige.day3_GGGAATGCACGAAATA-1	13
beige.day3_GGGAATGCACGTCAGC-1	13
beige.day3_GGGACCTGTCAGGACA-1	11
beige.day3_GGGAGATGTCTCTTAT-1	12
beige.day3_GGGATGAAGACTGGGT-1	10
beige.day3_GGGCACTAGGAATGGA-1	13
beige.day3_GGGCACTCACCAACCG-1	10
beige.day3_GGGCATCAGGGCTTCC-1	10
beige.day3_GGGCATCCACAACGTT-1	10
beige.day3_GGGCATCCAGACAAAT-1	13
beige.day3_GGGTCTGAGGTGCTTT-1	12
beige.day3_GGGTCTGGTCCTCTTG-1	10
beige.day3_GGGTTGCGTTATCGGT-1	12
beige.day3_GGGTTGCGTTGCTCCT-1	14
beige.day3_GGTATTGCAAAGGCGT-1	10
beige.day3_GGTATTGCAACAACCT-1	10
beige.day3_GGTATTGCATCCGCGA-1	11
beige.day3_GGTATTGGTTGACGTT-1	10
beige.day3_GGTATTGTCAAACAAG-1	9
beige.day3_GGTGAAGCACGCGAAA-1	14
beige.day3_GGTGAAGGTCCGACGT-1	14
beige.day3_GGTGCGTTCATAAAGG-1	12
beige.day3_GGTGTTACATCGGGTC-1	6
beige.day3_GGTGTTATCGTCGTTC-1	13
beige.day3_GTACGTAAGAGTGACC-1	14
beige.day3_GTACGTAGTAGAAGGA-1	14
beige.day3_GTACTCCTCACTGGGC-1	11
beige.day3_GTACTCCTCGTGGACC-1	14
beige.day3_GTACTTTGTAGGCATG-1	13
beige.day3_GTACTTTTCTTGTACT-1	12
beige.day3_GTAGTCAAGCTCCTTC-1	14
beige.day3_GTAGTCAAGTGCCAGA-1	7
beige.day3_GTATCTTAGCAGATCG-1	10
beige.day3_GTATCTTCAGAGCCAA-1	10
beige.day3_GTATTCTAGCTAGTTC-1	13
beige.day3_GTATTCTGTAAGAGGA-1	6
beige.day3_GTATTCTGTCCGAATT-1	13
beige.day3_GTCAAGTCAGGTCCAC-1	11
beige.day3_GTCACAAAGTAGGTGC-1	13
beige.day3_GTCATTTAGTGCGTGA-1	14
beige.day3_GTCCTCAGTAGCACGA-1	13
beige.day3_GTCGGGTTCATTTGGG-1	13
beige.day3_GTCGTAAAGCTGAAAT-1	11
beige.day3_GTCGTAAGTTGTGGAG-1	10
beige.day3_GTCTCGTTCAACACCA-1	12
beige.day3_GTCTTCGGTTGAACTC-1	10
beige.day3_GTCTTCGTCGCAAGCC-1	10
beige.day3_GTCTTCGTCTAGCACA-1	10
beige.day3_GTGCAGCAGATGGCGT-1	13
beige.day3_GTGCAGCAGTGCCATT-1	14
beige.day3_GTGCATAAGAACTCGG-1	14
beige.day3_GTGCATAAGGGCTTGA-1	10
beige.day3_GTGCATATCGCCGTGA-1	12
beige.day3_GTGCGGTCATGCCTAA-1	14
beige.day3_GTGCGGTGTATTCTCT-1	10
beige.day3_GTGCGGTGTCATGCCG-1	14
beige.day3_GTGCTTCCAGGGTATG-1	12
beige.day3_GTGCTTCCATAAGACA-1	11
beige.day3_GTGCTTCGTGACGCCT-1	13
beige.day3_GTGCTTCTCACCGGGT-1	14
beige.day3_GTGCTTCTCCAAACTG-1	13
beige.day3_GTGCTTCTCCAAAGTC-1	12
beige.day3_GTGGGTCGTAAACGCG-1	5
beige.day3_GTGGGTCGTTGCCTCT-1	14
beige.day3_GTGGGTCTCTTGGGTA-1	12
beige.day3_GTGTGCGAGCGCCTCA-1	10
beige.day3_GTGTGCGCAGGGCATA-1	10
beige.day3_GTGTTAGAGGTGACCA-1	10
beige.day3_GTGTTAGAGTCTCAAC-1	9
beige.day3_GTGTTAGCATATACCG-1	10
beige.day3_GTGTTAGCATCTCGCT-1	10
beige.day3_GTGTTAGTCCAGTATG-1	12
beige.day3_GTTAAGCAGTATCGAA-1	14
beige.day3_GTTAAGCGTTGAGTTC-1	5
beige.day3_GTTACAGAGTTAGCGG-1	12
beige.day3_GTTCATTCACCAACCG-1	12
beige.day3_GTTCGGGCAATAGAGT-1	10
beige.day3_GTTCGGGCATGGGAAC-1	13
beige.day3_GTTCTCGCAGTGAGTG-1	10
beige.day3_GTTCTCGTCACAGTAC-1	12
beige.day3_GTTTCTACAGTTCCCT-1	11
beige.day3_GTTTCTAGTACAAGTA-1	10
beige.day3_TAAACCGGTCAAACTC-1	10
beige.day3_TAAACCGTCAGTCCCT-1	8
beige.day3_TAAGAGAAGAAACCGC-1	9
beige.day3_TAAGAGAAGCTAGCCC-1	11
beige.day3_TAAGAGAAGCTGCCCA-1	10
beige.day3_TAAGAGAAGGTTACCT-1	12
beige.day3_TAAGAGATCACGCGGT-1	13
beige.day3_TAAGAGATCCTCAATT-1	10
beige.day3_TAAGCGTAGTCGATAA-1	11
beige.day3_TAAGCGTAGTGCTGCC-1	10
beige.day3_TAAGTGCCACTCGACG-1	14
beige.day3_TAAGTGCCATTTGCTT-1	10
beige.day3_TAAGTGCGTTCCTCCA-1	7
beige.day3_TACACGAAGGCTCAGA-1	12
beige.day3_TACAGTGTCTTCTGGC-1	13
beige.day3_TACCTATAGGTGCTAG-1	13
beige.day3_TACCTATCATCGATTG-1	13
beige.day3_TACCTATCATCTCGCT-1	9
beige.day3_TACCTATCATGGATGG-1	7
beige.day3_TACCTATCATTCACTT-1	14
beige.day3_TACCTATGTGCGATAG-1	12
beige.day3_TACCTATTCTACGAGT-1	11
beige.day3_TACCTTATCTGGGCCA-1	11
beige.day3_TACGGATGTCTGGAGA-1	14
beige.day3_TACGGATTCCAAGCCG-1	12
beige.day3_TACGGTAAGCCAGTTT-1	9
beige.day3_TACGGTAAGTGTTTGC-1	14
beige.day3_TACTCATTCATTGCGA-1	12
beige.day3_TACTCATTCTGCGACG-1	9
beige.day3_TACTCGCTCGGCTTGG-1	12
beige.day3_TACTTACAGCTAACAA-1	12
beige.day3_TACTTACAGGTGTGGT-1	14
beige.day3_TACTTACGTTCGCGAC-1	10
beige.day3_TACTTGTGTAGCTCCG-1	12
beige.day3_TACTTGTTCGCAAACT-1	10
beige.day3_TAGACCAAGGAATTAC-1	11
beige.day3_TAGACCAAGGTGGGTT-1	12
beige.day3_TAGACCAAGTCAATAG-1	10
beige.day3_TAGACCATCGGCCGAT-1	10
beige.day3_TAGAGCTCAATGGAGC-1	11
beige.day3_TAGCCGGTCAGTTGAC-1	12
beige.day3_TAGGCATCATTACGAC-1	10
beige.day3_TAGTGGTTCCCTGACT-1	10
beige.day3_TAGTTGGGTCTGCAAT-1	12
beige.day3_TAGTTGGTCTTTACAC-1	10
beige.day3_TATCAGGAGCCTATGT-1	13
beige.day3_TATCAGGTCGTGGGAA-1	12
beige.day3_TATCTCACAAACCTAC-1	14
beige.day3_TATCTCAGTGACCAAG-1	12
beige.day3_TATGCCCAGGACGAAA-1	7
beige.day3_TATGCCCAGTTAGGTA-1	10
beige.day3_TATGCCCGTGAACCTT-1	14
beige.day3_TCAACGAAGCAATATG-1	12
beige.day3_TCAACGACAATCTACG-1	14
beige.day3_TCAACGATCGGTCTAA-1	7
beige.day3_TCAATCTAGCGTCTAT-1	10
beige.day3_TCAATCTTCACTATTC-1	12
beige.day3_TCACAAGAGAGCCTAG-1	9
beige.day3_TCACAAGAGTTCCACA-1	14
beige.day3_TCACGAAAGTCGCCGT-1	10
beige.day3_TCACGAAGTCGCCATG-1	11
beige.day3_TCACGAATCAACACCA-1	7
beige.day3_TCACGAATCCATGAGT-1	10
beige.day3_TCACGAATCCCTTGTG-1	13
beige.day3_TCAGATGAGTTACCCA-1	10
beige.day3_TCAGATGCATCTATGG-1	12
beige.day3_TCAGATGTCCTTAATC-1	12
beige.day3_TCAGATGTCTCGCTTG-1	13
beige.day3_TCAGATGTCTGTCTAT-1	10
beige.day3_TCAGCAAAGGCAAAGA-1	9
beige.day3_TCAGCTCGTGGCCCTA-1	13
beige.day3_TCAGGATTCAAAGTAG-1	7
beige.day3_TCAGGTAAGGTGTGGT-1	13
beige.day3_TCAGGTAAGTCTCGGC-1	5
beige.day3_TCAGGTAGTGGTAACG-1	13
beige.day3_TCATTACGTCTAGCGC-1	12
beige.day3_TCCACACCAGTATGCT-1	10
beige.day3_TCCCGATGTAAGAGGA-1	14
beige.day3_TCGAGGCCATAGGATA-1	11
beige.day3_TCGCGAGAGCGTGAAC-1	10
beige.day3_TCGCGAGGTTGCGTTA-1	10
beige.day3_TCGCGTTAGGCAAAGA-1	10
beige.day3_TCGCGTTAGTACGTTC-1	10
beige.day3_TCGCGTTTCCGCTGTT-1	13
beige.day3_TCGGGACAGCCTCGTG-1	10
beige.day3_TCGGTAAAGCCTTGAT-1	14
beige.day3_TCGTACCCAATCCAAC-1	14
beige.day3_TCGTACCGTCAGAAGC-1	10
beige.day3_TCGTAGACATGCTAGT-1	9
beige.day3_TCTCATAAGCCGGTAA-1	7
beige.day3_TCTCATACATGTAGTC-1	10
beige.day3_TCTCTAAAGACCCACC-1	14
beige.day3_TCTCTAAAGCGTTGCC-1	9
beige.day3_TCTCTAAAGCTCCTTC-1	10
beige.day3_TCTCTAATCATGCATG-1	14
beige.day3_TCTGAGAAGAGCAATT-1	10
beige.day3_TCTGAGAAGCCATCGC-1	10
beige.day3_TCTGAGAAGCGTGAGT-1	11
beige.day3_TCTGAGAGTTACGCGC-1	10
beige.day3_TCTGGAAAGAGTAATC-1	12
beige.day3_TCTTCGGTCCTTAATC-1	12
beige.day3_TGAAAGAGTGCAACGA-1	11
beige.day3_TGAAAGAGTGCAGTAG-1	11
beige.day3_TGAAAGATCCTGCAGG-1	10
beige.day3_TGACAACCATCCGCGA-1	12
beige.day3_TGACAACTCCTCAATT-1	12
beige.day3_TGACTAGAGCGTTCCG-1	6
beige.day3_TGACTAGAGGATTCGG-1	12
beige.day3_TGACTTTCATTGGCGC-1	14
beige.day3_TGACTTTGTCTTCTCG-1	10
beige.day3_TGAGAGGCAAACCTAC-1	9
beige.day3_TGAGAGGGTTTAGGAA-1	13
beige.day3_TGAGCATAGGCGCTCT-1	14
beige.day3_TGAGCATCACATCCAA-1	10
beige.day3_TGAGCCGGTTGACGTT-1	9
beige.day3_TGAGGGATCCCGACTT-1	6
beige.day3_TGATTTCCAGACGCCT-1	14
beige.day3_TGATTTCGTCCCGACA-1	10
beige.day3_TGCACCTAGAGGTAGA-1	10
beige.day3_TGCACCTCAAACCCAT-1	10
beige.day3_TGCCAAATCCGGCACA-1	13
beige.day3_TGCGCAGGTTGTCGCG-1	4
beige.day3_TGCGGGTCAGGGATTG-1	7
beige.day3_TGCGGGTGTTTAGCTG-1	14
beige.day3_TGCGGGTTCGATGAGG-1	5
beige.day3_TGCGTGGAGAGTGACC-1	10
beige.day3_TGCGTGGGTTAGGGTG-1	10
beige.day3_TGCGTGGTCGACAGCC-1	14
beige.day3_TGCTACCGTCACCTAA-1	11
beige.day3_TGCTGCTAGCCATCGC-1	12
beige.day3_TGCTGCTCAAGGTTCT-1	10
beige.day3_TGCTGCTCAGGGTACA-1	12
beige.day3_TGCTGCTCATATGAGA-1	9
beige.day3_TGCTGCTTCTGGTATG-1	13
beige.day3_TGGACGCGTAAGTGTA-1	12
beige.day3_TGGACGCGTCTTGCGG-1	10
beige.day3_TGGCCAGGTTCTGAAC-1	14
beige.day3_TGGCCAGTCATTGCGA-1	10
beige.day3_TGGCCAGTCGACCAGC-1	14
beige.day3_TGGCGCAGTACCGCTG-1	10
beige.day3_TGGCGCATCTTTACAC-1	14
beige.day3_TGGCTGGGTCGCATCG-1	12
beige.day3_TGGCTGGTCAATAAGG-1	12
beige.day3_TGGGAAGAGTGTTTGC-1	12
beige.day3_TGGGCGTAGTGCCATT-1	13
beige.day3_TGGGCGTTCAAACCGT-1	14
beige.day3_TGGTTAGGTTGCGTTA-1	9
beige.day3_TGGTTAGTCATTCACT-1	12
beige.day3_TGGTTCCAGCTAACTC-1	9
beige.day3_TGGTTCCAGTACGCCC-1	10
beige.day3_TGGTTCCGTGTTCGAT-1	10
beige.day3_TGTGGTATCTTGAGAC-1	6
beige.day3_TGTTCCGTCAATCTCT-1	10
beige.day3_TGTTCCGTCCTACAGA-1	12
beige.day3_TTAACTCAGATCTGCT-1	14
beige.day3_TTAACTCCACCCTATC-1	10
beige.day3_TTAACTCCAGAAGCAC-1	12
beige.day3_TTAACTCCATTCACTT-1	10
beige.day3_TTAACTCTCCTGCCAT-1	10
beige.day3_TTAACTCTCGGCCGAT-1	7
beige.day3_TTAGGACAGACTACAA-1	10
beige.day3_TTAGGACAGGACCACA-1	11
beige.day3_TTAGGACCAGTTAACC-1	10
beige.day3_TTAGGACTCGAATGCT-1	13
beige.day3_TTAGGCAAGTGAAGTT-1	14
beige.day3_TTAGGCACACAAGACG-1	10
beige.day3_TTAGGCACACCATCCT-1	12
beige.day3_TTAGGCACATGACATC-1	14
beige.day3_TTAGGCAGTAAGTGGC-1	12
beige.day3_TTAGGCATCACCCTCA-1	12
beige.day3_TTAGGCATCGGACAAG-1	6
beige.day3_TTAGTTCGTCTCTCGT-1	13
beige.day3_TTAGTTCTCGTCTGCT-1	10
beige.day3_TTATGCTAGTGAACAT-1	13
beige.day3_TTATGCTTCGTGGACC-1	10
beige.day3_TTCCCAGAGCTGAAAT-1	14
beige.day3_TTCCCAGCAATCTGCA-1	12
beige.day3_TTCGGTCTCGCAAACT-1	10
beige.day3_TTCTTAGAGAAACGAG-1	14
beige.day3_TTCTTAGAGCTAGTCT-1	10
beige.day3_TTCTTAGCAGCTGCAC-1	10
beige.day3_TTCTTAGGTCAGTGGA-1	10
beige.day3_TTCTTAGTCCCTAATT-1	10
beige.day3_TTGAACGAGCTGGAAC-1	10
beige.day3_TTGAACGCAATAGCAA-1	10
beige.day3_TTGACTTAGCCTCGTG-1	11
beige.day3_TTGCCGTGTCTTGATG-1	8
beige.day3_TTGCCGTTCACGGTTA-1	14
beige.day3_TTGCCGTTCTCATTCA-1	14
beige.day3_TTGCGTCAGTTACCCA-1	10
beige.day3_TTGCGTCCACCGGAAA-1	14
beige.day3_TTGCGTCGTTTCGCTC-1	13
beige.day3_TTGGCAACAAGCTGAG-1	12
beige.day3_TTGGCAACACATCCAA-1	13
beige.day3_TTGGCAACACCGCTAG-1	12
beige.day3_TTGGCAACAGCTCGAC-1	13
beige.day3_TTGTAGGTCGCAAGCC-1	12
beige.day3_TTTACTGCAACTGCTA-1	13
beige.day3_TTTACTGCATCCGTGG-1	14
beige.day3_TTTATGCAGCGATAGC-1	14
beige.day3_TTTCCTCTCTATCGCC-1	10
beige.day3_TTTGCGCAGCCGATTT-1	13
beige.day3_TTTGTCAAGGGTGTGT-1	14
beige.day3_TTTGTCAGTAAACACA-1	9
beige.day3_TTTGTCAGTCTGCAAT-1	10
beige.day3_TTTGTCAGTTACCAGT-1	14
beige.day3_TTTGTCATCCGCATAA-1	13
