cluster	p_val	avg_log2FC	pct.1	pct.2	p_val_adj	sig	condition	sig_cond	gene_name	time	adj_adj
b0	6.65265148088795e-153	0.686634891318254	0.772	0.574	2.4349369685198e-148	sig	beige	beige	RPS10	day1	2.19144327166782e-147
b1	8.04631427637546e-132	-0.373266814854134	1	1	2.94503148829618e-127	sig	white	white	MT-CO1	day3	2.65052833946657e-126
b1	4.07495609609305e-109	-0.404256247903089	0.998	0.998	1.49147468073102e-104	sig	white	white	MT-ND4	day3	1.34232721265791e-103
b1	5.22609684308548e-108	-0.370687148854097	1	1	1.91280370553772e-103	sig	white	white	MT-CO3	day3	1.72152333498394e-102
b1	3.76509269597761e-100	-0.423404857931896	0.995	0.994	1.37806157765477e-95	sig	white	white	MT-ND1	day3	1.24025541988929e-94
b0	3.33799784597315e-91	0.289353353671579	0.999	1	1.22174059160463e-86	sig	beige	beige	MT-CO1	day1	1.09956653244417e-85
b0	3.51941705686639e-91	0.357508190920906	0.986	0.959	1.28814183698367e-86	sig	beige	beige	MT-ATP8	day1	1.1593276532853e-85
b0	6.94829190124545e-88	0.356023272300642	0.999	0.997	2.54314431877485e-83	sig	beige	beige	MT-ATP6	day1	2.28882988689736e-82
b1	1.32327028140198e-87	-0.287004046040451	1	1	4.84330155695939e-83	sig	white	white	MT-CO2	day3	4.35897140126345e-82
b1	2.69818362982891e-85	-0.415769245963805	0.977	0.981	9.8756219035368e-81	sig	white	white	MT-ND2	day3	8.88805971318312e-80
b2	2.66031081766366e-81	-0.316852227984346	0.999	0.999	9.73700362373076e-77	sig	white	white	MT-ND4	day3	8.76330326135768e-76
b1	7.81606924141615e-79	-0.426365513287725	0.996	0.994	2.86075950305073e-74	sig	white	white	MT-ND5	day3	2.57468355274565e-73
b2	1.42501994103533e-73	-0.352849804871834	0.996	0.997	5.21571548618342e-69	sig	white	white	MT-ND1	day3	4.69414393756508e-68
b0	1.69819891600282e-72	0.355226779406087	0.982	0.967	6.21557785246192e-68	sig	beige	beige	MT-ND5	day1	5.59402006721573e-67
b1	6.23612399324144e-71	-0.310534218877398	0.999	0.998	2.2824837427663e-66	sig	white	white	MT-ND4L	day3	2.05423536848967e-65
b1	1.42689604587418e-70	-0.312176591729313	1	1	5.22258221750409e-66	sig	white	white	MT-ATP6	day3	4.70032399575368e-65
b2	6.10436158921336e-69	0.383826800904294	0.983	0.967	2.23425738526798e-64	sig	beige	beige	AOC3	day3	2.01083164674118e-63
b1	6.44110162480433e-68	-0.285807702009328	1	1	2.35750760569463e-63	sig	white	white	MT-CYB	day3	2.12175684512517e-62
b0	4.23589869589613e-65	0.307073359951928	0.999	0.999	1.55038128168494e-60	sig	beige	beige	MT-CO3	day1	1.39534315351645e-59
b1	5.08911311135192e-63	-0.301556552334659	1	0.999	1.86266628988592e-58	sig	white	white	MT-ND3	day3	1.67639966089733e-57
b0	3.6543180303107e-57	0.45391168258631	0.538	0.371	1.33751694227402e-52	sig	beige	beige	FAM89B	day1	1.20376524804662e-51
b2	3.24394421543485e-56	0.304005606760672	0.989	0.987	1.18731602229131e-51	sig	beige	beige	HSPG2	day3	1.06858442006218e-50
b2	9.21720317399557e-56	-0.299058722088197	0.998	0.998	3.37358853371412e-51	sig	white	white	MT-ND3	day3	3.03622968034271e-50
b0	2.0571018115141e-55	0.553764671009448	0.416	0.272	7.52919834032275e-51	sig	beige	beige	DYNLRB1	day1	6.77627850629047e-50
b0	1.65806962541925e-54	0.396987035667518	0.868	0.787	6.06870063599699e-50	sig	beige	beige	MT-ND6	day1	5.46183057239729e-49
b2	9.07360663211339e-54	-0.315440448353018	0.986	0.991	3.32103076341982e-49	sig	white	white	MT-ND2	day3	2.98892768707784e-48
b1	1.27300035302923e-52	-0.528230529141781	0.878	0.908	4.65930859212228e-48	sig	white	white	MT-ND6	day3	4.19337773291005e-47
b0	5.26010819129909e-52	0.638247919490973	0.277	0.156	1.92525219909738e-47	sig	beige	beige	MRPL23	day1	1.73272697918764e-46
b0	7.29514252450592e-49	0.279230007711714	0.992	0.983	2.67009511539441e-44	sig	beige	beige	MT-ND1	day1	2.40308560385497e-43
b4	1.01693934072407e-48	-0.297688355893766	0.998	1	3.72209968098417e-44	sig	white	white	MT-CO1	day3	3.34988971288576e-43
b2	1.25736994517963e-48	0.4466098132919	0.847	0.774	4.60209973635198e-44	sig	beige	beige	PTPRS	day3	4.14188976271678e-43
b5	3.16093587410002e-48	-0.364101427362725	1	1	1.15693413927935e-43	sig	white	white	MT-CO1	day3	1.04124072535141e-42
b5	5.73604036502209e-48	-0.454252338697107	0.996	0.999	2.09944813400173e-43	sig	white	white	MT-ND1	day3	1.88950332060156e-42
b2	7.62868505094596e-48	-0.264145935107067	1	1	2.79217501549673e-43	sig	white	white	MT-CO3	day3	2.51295751394706e-42
b0	2.29640439838075e-46	0.277495284624105	0.996	0.993	8.40506973851338e-42	sig	beige	beige	MT-ND4	day1	7.56456276466205e-41
b5	4.36420963338912e-45	-0.388862653907867	0.999	0.999	1.59734436791675e-40	sig	white	white	MT-ND4	day3	1.43760993112508e-39
b2	3.98284487748442e-43	0.286575739572468	0.958	0.941	1.45776105360807e-38	sig	beige	beige	POR	day3	1.31198494824727e-37
b0	1.37025586733902e-40	0.340915433077121	0.516	0.368	5.01527350004753e-36	sig	beige	beige	TNRC18	day1	4.51374615004278e-35
b5	2.30280000219436e-40	-0.313323475610312	1	1	8.42847828803158e-36	sig	white	white	MT-CO2	day3	7.58563045922842e-35
b0	3.14150528060347e-40	0.297147371368335	0.776	0.65	1.14982234775368e-35	sig	beige	beige	POLR2J	day1	1.03484011297831e-34
b5	7.10484449256286e-40	-0.37836642259628	1	1	2.60044413272293e-35	sig	white	white	MT-CO3	day3	2.34039971945064e-34
b0	1.12367504929003e-39	0.635530137989453	0.216	0.123	4.11276304790645e-35	sig	beige	beige	SMARCA5-AS1	day1	3.70148674311581e-34
b2	3.62945021655615e-39	0.260684954991051	1	0.998	1.32841507376172e-34	sig	beige	beige	FASN	day3	1.19557356638554e-33
b0	6.43082397647995e-39	0.428989316833165	0.345	0.224	2.35374588363142e-34	sig	beige	beige	PCGF2	day1	2.11837129526828e-33
b0	2.13622861607534e-38	0.506670569679355	0.263	0.16	7.81881035769735e-34	sig	beige	beige	AC022966.1	day1	7.03692932192762e-33
b4	2.14432264344582e-38	-0.317432348453469	0.997	0.999	7.84843530727605e-34	sig	white	white	MT-ND1	day3	7.06359177654845e-33
b0	5.11698042021786e-38	0.476033637805444	0.326	0.213	1.87286600360394e-33	sig	beige	beige	SNRPD3	day1	1.68557940324354e-32
b4	1.14575956270225e-37	-0.270751451719085	0.998	0.999	4.1935945754465e-33	sig	white	white	MT-ND4	day3	3.77423511790185e-32
b1	1.17234831045826e-37	-0.348187298653359	0.987	0.983	4.29091205110827e-33	sig	white	white	MT-ATP8	day3	3.86182084599744e-32
b0	5.82167671564096e-37	0.289418907843191	0.673	0.527	2.13079189469175e-32	sig	beige	beige	SNRPN	day1	1.91771270522257e-31
b0	3.10021415022398e-36	0.328368277950963	0.785	0.677	1.13470938112348e-31	sig	beige	beige	BEST1	day1	1.02123844301113e-30
b2	4.5262568548126e-36	-0.292971322930961	0.998	0.998	1.65665527142996e-31	sig	white	white	MT-ND5	day3	1.49098974428696e-30
b0	9.83975469296295e-34	0.261451029830296	0.847	0.744	3.60144861517137e-29	sig	beige	beige	CPD	day1	3.24130375365423e-28
b0	2.93718630439387e-32	0.29473831026089	0.573	0.432	1.0750395592712e-27	sig	beige	beige	MPRIP	day1	9.67535603344079e-27
b5	5.70853254221548e-32	-0.342099563693925	1	1	2.08937999577629e-27	sig	white	white	MT-ATP6	day3	1.88044199619866e-26
b0	6.73829751108278e-32	0.338705453237341	0.435	0.307	2.46628427203141e-27	sig	beige	beige	HCFC1	day1	2.21965584482827e-26
b0	8.90939069684684e-32	0.389000866665177	0.525	0.401	3.26092608895291e-27	sig	beige	beige	VIM-AS1	day1	2.93483348005762e-26
b0	3.19208937562553e-31	0.304115534083331	0.588	0.449	1.1683366323727e-26	sig	beige	beige	ACTA2	day1	1.05150296913543e-25
b5	3.24372295153667e-31	-0.409288407747414	0.976	0.979	1.18723503749194e-26	sig	white	white	MT-ND2	day3	1.06851153374274e-25
b0	6.9816268713986e-31	0.326645701457327	0.653	0.534	2.5553452512006e-26	sig	beige	beige	HIGD1A	day1	2.29981072608054e-25
b0	7.70389058620885e-30	0.276838788258413	0.639	0.517	2.8197009934583e-25	sig	beige	beige	NAA10	day1	2.53773089411247e-24
b4	1.12820301065317e-29	-0.261932076917369	0.998	1	4.12933583929165e-25	sig	white	white	MT-CO3	day3	3.71640225536249e-24
b0	1.22414225512999e-29	0.638801335796907	0.149	0.083	4.48048306800128e-25	sig	beige	beige	RPS10-NUDT3	day1	4.03243476120115e-24
b0	1.60225724340126e-29	0.363191898469612	0.71	0.615	5.86442173657297e-25	sig	beige	beige	AC002398.2	day1	5.27797956291567e-24
b0	3.03625873634403e-29	0.33616707320702	0.485	0.369	1.11130106008928e-24	sig	beige	beige	AC006064.4	day1	1.00017095408035e-23
b0	1.01097229548712e-28	0.285006260464665	0.499	0.37	3.70025969871242e-24	sig	beige	beige	KHSRP	day1	3.33023372884118e-23
b0	1.09387239860227e-28	0.294013534173125	0.449	0.328	4.00368236612417e-24	sig	beige	beige	STRIP1	day1	3.60331412951175e-23
b1	2.82555476390617e-28	0.314926993999785	0.966	0.942	1.0341812991373e-23	sig	beige	beige	FASN	day3	9.30763169223566e-23
b0	4.17980291461215e-28	0.311853699893931	0.342	0.234	1.52984966477719e-23	sig	beige	beige	NOMO1	day1	1.37686469829947e-22
b4	4.98455264947182e-28	-0.427713214936615	0.973	0.975	1.82439611523318e-23	sig	white	white	MT-ND6	day3	1.64195650370986e-22
b0	7.33884487588328e-28	0.744343657690561	0.132	0.072	2.68609061302204e-23	sig	beige	beige	AC011611.3	day1	2.41748155171984e-22
b0	7.60948673933019e-28	0.431300551214623	0.477	0.358	2.78514824146224e-23	sig	beige	beige	AL627171.2	day1	2.50663341731602e-22
b0	1.40187087135064e-27	0.388647496288875	0.464	0.361	5.13098757623049e-23	sig	beige	beige	FKBP2	day1	4.61788881860744e-22
b5	3.27493092339296e-27	-0.298387817581886	0.998	0.999	1.19865746727106e-22	sig	white	white	MT-ND4L	day3	1.07879172054395e-21
b0	4.97495095148204e-27	0.519480668176332	0.172	0.102	1.82088179775194e-22	sig	beige	beige	DNMBP-AS1	day1	1.63879361797675e-21
b0	6.78334921628553e-27	0.357471051538916	0.274	0.184	2.48277364665267e-22	sig	beige	beige	KMT2D	day1	2.2344962819874e-21
b4	7.13391110978309e-27	-0.314047878342233	0.997	0.999	2.61108280529171e-22	sig	white	white	MT-ND5	day3	2.34997452476254e-21
b2	6.05399531413071e-26	0.268624410597773	0.95	0.925	2.21582282492498e-21	sig	beige	beige	SHC1	day3	1.99424054243248e-20
b5	6.69318591437712e-26	-0.312520516225083	0.997	0.999	2.44977297652117e-21	sig	white	white	MT-ND3	day3	2.20479567886905e-20
b0	1.3496376528383e-25	0.296232698340856	0.485	0.366	4.93980877315348e-21	sig	beige	beige	IGF1R	day1	4.44582789583813e-20
b0	1.46385701953317e-25	0.282500292458713	0.405	0.292	5.35786307719337e-21	sig	beige	beige	ZBTB47	day1	4.82207676947403e-20
b2	5.14460255390575e-25	0.278811245297341	0.9	0.874	1.88297598075504e-20	sig	beige	beige	EMILIN1	day3	1.69467838267954e-19
b5	5.53254229200901e-25	-0.413568087413627	0.992	0.993	2.02496580429822e-20	sig	white	white	MT-ND5	day3	1.8224692238684e-19
b0	6.46805406323259e-25	0.254201129701072	0.489	0.367	2.36737246768376e-20	sig	beige	beige	PI4KA	day1	2.13063522091538e-19
b0	8.6798635233399e-25	0.289101947429053	0.29	0.197	3.17691684817764e-20	sig	beige	beige	AC027644.3	day1	2.85922516335987e-19
b4	9.34045409347732e-25	-0.263160985744122	0.998	0.999	3.41869960275363e-20	sig	white	white	MT-ND3	day3	3.07682964247827e-19
b0	1.33297887052378e-24	0.369980742750939	0.224	0.145	4.8788359640041e-20	sig	beige	beige	SNX22	day1	4.39095236760369e-19
b0	2.28519930483744e-24	0.264735652098609	0.988	0.983	8.36405797563553e-20	sig	beige	beige	MT-ND3	day1	7.52765217807198e-19
b0	2.41504397330139e-24	0.290255559391218	0.312	0.218	8.83930244668043e-20	sig	beige	beige	NBPF20	day1	7.95537220201239e-19
b0	2.7184301809087e-24	0.315740659199213	0.346	0.248	9.94972630514392e-20	sig	beige	beige	WDFY3	day1	8.95475367462953e-19
b2	1.57406040752351e-23	0.281062601717059	0.932	0.912	5.7612184975768e-19	sig	beige	beige	MMP14	day3	5.18509664781912e-18
b0	1.98675695006481e-23	0.257372168605331	0.493	0.374	7.27172911293222e-19	sig	beige	beige	NBPF14	day1	6.544556201639e-18
b1	2.73413781950368e-23	-0.536717035820534	0.377	0.46	1.00072178331654e-18	sig	white	white	FOSB	day3	9.00649604984887e-18
b2	3.85353722342005e-23	0.300089575314318	0.825	0.767	1.41043315914397e-18	sig	beige	beige	SLC1A5	day3	1.26938984322957e-17
b0	5.14483815235341e-23	0.295458289988674	0.383	0.285	1.88306221214287e-18	sig	beige	beige	MKKS	day1	1.69475599092858e-17
b0	5.3341208241622e-23	0.260246123297869	0.364	0.262	1.95234156285161e-18	sig	beige	beige	USF2	day1	1.75710740656645e-17
b1	9.93784358187515e-23	0.266621516597628	0.775	0.68	3.63735012940212e-18	sig	beige	beige	PFKL	day3	3.27361511646191e-17
b0	1.01554346103348e-22	0.384459103207863	0.264	0.182	3.71699062172864e-18	sig	beige	beige	PPP1R9B	day1	3.34529155955577e-17
b0	1.02999251952404e-22	0.251259425880917	0.406	0.297	3.76987562070992e-18	sig	beige	beige	ZBTB4	day1	3.39288805863893e-17
b0	1.14213692343545e-22	0.28990803080283	0.34	0.244	4.18033535346607e-18	sig	beige	beige	SKI	day1	3.76230181811947e-17
b0	1.31540835148509e-22	0.335806608747427	0.21	0.137	4.81452610727057e-18	sig	beige	beige	CIC	day1	4.33307349654352e-17
b0	1.43930320148885e-22	0.268181116719046	0.4	0.298	5.26799364776932e-18	sig	beige	beige	AC090197.1	day1	4.74119428299239e-17
b0	1.48167331159203e-22	0.362488600018275	0.216	0.142	5.423072487758e-18	sig	beige	beige	TRAK1	day1	4.8807652389822e-17
b0	4.49746757127577e-22	0.258099239256852	0.394	0.288	1.64611810576264e-17	sig	beige	beige	CMC4	day1	1.48150629518638e-16
b5	7.94565553495504e-22	-0.267568065369093	1	0.999	2.9081893823489e-17	sig	white	white	MT-CYB	day3	2.61737044411401e-16
b0	9.23756073519244e-22	0.272460563142858	0.251	0.17	3.38103960468778e-17	sig	beige	beige	PRKAB1	day1	3.04293564421901e-16
b1	1.06110224661014e-21	0.315691042885159	0.682	0.57	3.88374033281779e-17	sig	beige	beige	PTPRS	day3	3.49536629953601e-16
b4	1.547168698748e-21	-0.263047083628937	0.992	0.997	5.66279215428757e-17	sig	white	white	MT-ND2	day3	5.09651293885881e-16
b0	2.07147034691599e-21	0.25799008400067	0.315	0.224	7.58178861674722e-17	sig	beige	beige	RBM12	day1	6.8236097550725e-16
b0	2.4453012616161e-21	0.310012102471211	0.258	0.177	8.95004714764109e-17	sig	beige	beige	SRGAP2	day1	8.05504243287699e-16
b0	2.68005683429918e-21	0.406256593697369	0.209	0.14	9.80927601921844e-17	sig	beige	beige	GATD3B	day1	8.8283484172966e-16
b0	3.24251781849327e-21	0.434300209810742	0.154	0.095	1.18679394674672e-16	sig	beige	beige	EIF3C	day1	1.06811455207205e-15
b0	3.5213490445977e-21	0.251583410832961	0.346	0.252	1.2888489638132e-16	sig	beige	beige	ANKRD52	day1	1.15996406743188e-15
b2	3.96217048691803e-21	-0.35113526198811	0.938	0.948	1.45019401991687e-16	sig	white	white	MT-ND6	day3	1.30517461792518e-15
b2	4.90489596077559e-21	0.362324382681126	0.667	0.576	1.79524097060348e-16	sig	beige	beige	SUN2	day3	1.61571687354313e-15
b0	5.59997651595443e-21	0.252477646131671	0.319	0.228	2.04964740460448e-16	sig	beige	beige	CSRNP2	day1	1.84468266414403e-15
b0	6.21627176168101e-21	0.2743909697366	0.257	0.176	2.27521762749287e-16	sig	beige	beige	PLXNA1	day1	2.04769586474358e-15
b0	8.17613542809837e-21	0.317260410597592	0.377	0.285	2.99254732803828e-16	sig	beige	beige	C11orf98	day1	2.69329259523445e-15
b0	9.30291778454117e-21	0.259427167986669	0.333	0.242	3.40496093831991e-16	sig	beige	beige	TRRAP	day1	3.06446484448792e-15
b0	9.46336227780596e-21	0.385807846747876	0.166	0.106	3.46368522729976e-16	sig	beige	beige	NBPF19	day1	3.11731670456978e-15
b0	1.35273659915131e-20	0.286282251240205	0.306	0.22	4.9511512265537e-16	sig	beige	beige	AC011603.2	day1	4.45603610389833e-15
b7	1.42191502069878e-20	0.88604027008602	0.869	0.623	5.2043511672596e-16	sig	beige	beige	RPS10	day1	4.68391605053364e-15
b0	1.90059893275604e-20	0.260003924487513	0.276	0.193	6.95638215378039e-16	sig	beige	beige	NBPF9	day1	6.26074393840235e-15
b0	2.29723648689836e-20	0.267348877869766	0.232	0.156	8.40811526569669e-16	sig	beige	beige	CHD1L	day1	7.56730373912702e-15
b2	4.6363680819187e-20	-0.451644957518114	0.399	0.49	1.69695708166306e-15	sig	white	white	FOSB	day3	1.52726137349676e-14
b0	7.15634333469826e-20	0.267490087084927	0.23	0.156	2.61929322393291e-15	sig	beige	beige	SLC35E2B	day1	2.35736390153962e-14
b0	8.64529636785119e-20	0.298254748913173	0.425	0.328	3.16426492359721e-15	sig	beige	beige	DDIT4-AS1	day1	2.84783843123749e-14
b0	1.02452227323646e-19	0.346950456932877	0.17	0.109	3.74985397227278e-15	sig	beige	beige	AC010226.1	day1	3.3748685750455e-14
b0	1.08333959773174e-19	0.33280290522027	0.164	0.104	3.96513126165793e-15	sig	beige	beige	ELF3-AS1	day1	3.56861813549214e-14
b0	1.20039582077159e-19	0.329812280376817	0.184	0.12	4.39356874360611e-15	sig	beige	beige	PRH1	day1	3.9542118692455e-14
b0	2.52217580724801e-19	0.354380451382924	0.209	0.143	9.23141567210844e-15	sig	beige	beige	SH3RF3	day1	8.3082741048976e-14
b0	3.04950643341106e-19	0.324493093140991	0.413	0.329	1.11614984969278e-14	sig	beige	beige	MATR3.1	day1	1.0045348647235e-13
b0	4.58064766617426e-19	0.285515650315779	0.2	0.134	1.67656285229644e-14	sig	beige	beige	DLG4	day1	1.5089065670668e-13
b0	4.82400812793459e-19	0.281696381620685	0.217	0.147	1.76563521490534e-14	sig	beige	beige	AC079781.5	day1	1.58907169341481e-13
b0	6.7117129496814e-19	0.398166576814364	0.143	0.089	2.45655405671289e-14	sig	beige	beige	CBWD5	day1	2.2108986510416e-13
b0	7.48196406299098e-19	-0.785863433874176	0.169	0.218	2.73847366669533e-14	sig	white	white	AL136454.1	day1	2.4646263000258e-13
b0	7.97514441868916e-19	0.270650428210158	0.299	0.217	2.91898260868442e-14	sig	beige	beige	TANC2	day1	2.62708434781598e-13
b0	1.24028424412705e-18	0.268217602458309	0.308	0.224	4.53956436192942e-14	sig	beige	beige	SCRIB	day1	4.08560792573648e-13
b0	1.55429386211778e-18	0.339803732254051	0.176	0.116	5.6888709647373e-14	sig	beige	beige	ZBED4	day1	5.11998386826357e-13
b0	1.84002221126371e-18	0.335485173271401	0.212	0.145	6.7346652954463e-14	sig	beige	beige	DVL1	day1	6.06119876590167e-13
b0	2.06924468986999e-18	0.274096185111765	0.277	0.198	7.57364248939316e-14	sig	beige	beige	RASSF8	day1	6.81627824045385e-13
b0	2.24211755537339e-18	0.265533100956414	0.695	0.63	8.20637446442216e-14	sig	beige	beige	IRS2	day1	7.38573701797994e-13
b0	2.40633352724011e-18	0.252547676212599	0.233	0.161	8.80742134305151e-14	sig	beige	beige	IQSEC1	day1	7.92667920874636e-13
b0	4.89863655523485e-18	0.340162829746554	0.197	0.134	1.79294996558151e-13	sig	beige	beige	POMZP3	day1	1.61365496902336e-12
b2	5.68083444931315e-18	0.251281054918613	0.861	0.81	2.0792422167931e-13	sig	beige	beige	ST6GALNAC4	day3	1.87131799511379e-12
b1	9.28459370987092e-18	0.365097397039192	0.393	0.294	3.39825414374986e-13	sig	beige	beige	ARHGEF1	day3	3.05842872937487e-12
b0	1.04713787354614e-17	0.287772004040574	0.234	0.165	3.83262933096624e-13	sig	beige	beige	ELF4	day1	3.44936639786961e-12
b0	1.08119005517542e-17	0.454981991652783	0.146	0.094	3.95726372094755e-13	sig	beige	beige	SAMD4A	day1	3.5615373488528e-12
b2	3.63809342092978e-17	0.270715469096584	0.88	0.842	1.33157857299451e-12	sig	beige	beige	PYGB	day3	1.19842071569506e-11
b2	3.85594241953817e-17	0.291448415907502	0.706	0.636	1.41131348497517e-12	sig	beige	beige	COL18A1	day3	1.27018213647765e-11
b0	7.15374931092964e-17	0.35365129026107	0.141	0.09	2.61834378529336e-12	sig	beige	beige	ZNF777	day1	2.35650940676402e-11
b0	8.58683079409866e-17	0.322865050621971	0.148	0.096	3.14286593894805e-12	sig	beige	beige	RUBCN	day1	2.82857934505325e-11
b6	8.8203275898685e-17	0.723866559732861	0.812	0.655	3.22832810116777e-12	sig	beige	beige	RPS10	day1	2.90549529105099e-11
b0	1.06516553615714e-16	0.262218210271024	0.198	0.136	3.89861237888875e-12	sig	beige	beige	BRD1	day1	3.50875114099988e-11
b0	1.20200517629862e-16	0.369136585166775	0.125	0.078	4.39945914577059e-12	sig	beige	beige	FP565260.1	day1	3.95951323119353e-11
b2	1.24389694079534e-16	0.251993415889861	0.792	0.728	4.55278719300502e-12	sig	beige	beige	AP2A1	day3	4.09750847370452e-11
b0	1.6059255400322e-16	0.293828973956737	0.25	0.181	5.87784806907184e-12	sig	beige	beige	SH3BP5-AS1	day1	5.29006326216466e-11
b0	1.75906615479768e-16	0.275484467883451	0.18	0.122	6.43835803317499e-12	sig	beige	beige	ZNF335	day1	5.79452222985749e-11
b2	1.86469276123978e-16	0.299180834417061	0.719	0.659	6.82496197541374e-12	sig	beige	beige	GANAB	day3	6.14246577787236e-11
b0	2.04337279972557e-16	0.266264840165318	0.264	0.194	7.47894878427554e-12	sig	beige	beige	FGF14	day1	6.73105390584799e-11
b0	2.73051890645818e-16	0.260489225914137	0.262	0.19	9.99397224952758e-12	sig	beige	beige	QSOX2	day1	8.99457502457482e-11
b0	4.24341558610052e-16	0.270407309433529	0.14	0.09	1.55313253866865e-11	sig	beige	beige	HYPK	day1	1.39781928480179e-10
b0	7.96915977547198e-16	0.263516178334169	0.25	0.181	2.9167921694205e-11	sig	beige	beige	AGRN	day1	2.62511295247845e-10
b0	8.49390605165591e-16	0.270164329724358	0.168	0.113	3.10885455396658e-11	sig	beige	beige	TMEM104	day1	2.79796909856992e-10
b0	8.58922116686593e-16	0.270797421200824	0.269	0.198	3.1437408392846e-11	sig	beige	beige	NPAS2	day1	2.82936675535614e-10
b2	9.5762504540004e-16	0.268879207435786	0.752	0.695	3.50500342866869e-11	sig	beige	beige	CSF1	day3	3.15450308580182e-10
b0	1.20364950375895e-15	0.295453047372193	0.159	0.107	4.40547754870813e-11	sig	beige	beige	ZNF473	day1	3.96492979383732e-10
b0	1.21725952451718e-15	0.272927312548051	0.175	0.12	4.45529158568533e-11	sig	beige	beige	HIRA	day1	4.00976242711680e-10
b1	1.48028161618746e-15	0.299396351269584	0.741	0.662	5.41797874340774e-11	sig	beige	beige	COL18A1	day3	4.87618086906697e-10
b1	1.65335445842455e-15	0.294243029144515	0.489	0.388	6.05144265327971e-11	sig	beige	beige	KLF13	day3	5.44629838795174e-10
b0	2.02426918750284e-15	0.301455910925411	0.541	0.47	7.40902765317914e-11	sig	beige	beige	AL138963.4	day1	6.66812488786123e-10
b0	2.49104682329012e-15	0.3212008421464	0.133	0.086	9.11748047792415e-11	sig	beige	beige	SYNE3	day1	8.20573243013174e-10
b0	2.60476695661495e-15	0.261224845293876	0.218	0.155	9.53370753790639e-11	sig	beige	beige	MRPL30	day1	8.58033678411575e-10
b2	3.13370262466588e-15	0.252272755436304	0.739	0.676	1.14696649765396e-10	sig	beige	beige	MAN2B1	day3	1.03226984788856e-09
b0	7.78835258221111e-15	0.31391934913543	0.138	0.091	2.85061492861509e-10	sig	beige	beige	ZNF468	day1	2.56555343575358e-09
b5	7.93126758191339e-15	0.328179337867487	0.861	0.786	2.90292324765612e-10	sig	beige	beige	LRP10	day3	2.61263092289051e-09
b0	8.2311116643594e-15	0.281238051898635	0.139	0.092	3.01266918027218e-10	sig	beige	beige	HOXC4	day1	2.71140226224496e-09
b0	8.65606666168372e-15	0.313002898747783	0.163	0.112	3.16820695884286e-10	sig	beige	beige	UPK3BL1	day1	2.85138626295857e-09
b0	9.92370638682466e-15	0.301999153530238	0.171	0.119	3.63217577464169e-10	sig	beige	beige	NBPF26	day1	3.26895819717753e-09
b0	1.05040076073175e-14	0.29760182955728	0.16	0.109	3.84457182435427e-10	sig	beige	beige	ARMH3	day1	3.46011464191884e-09
b0	1.23550388134193e-14	0.314507877833391	0.136	0.09	4.5220677560996e-10	sig	beige	beige	MEX3D	day1	4.06986098048964e-09
b0	1.2600322482324e-14	0.266963292268878	0.174	0.119	4.6118440317554e-10	sig	beige	beige	SETD1A	day1	4.15065962857986e-09
b0	1.61656196441343e-14	0.306669471648713	0.158	0.108	5.91677844594959e-10	sig	beige	beige	LINC-PINT	day1	5.32510060135463e-09
b1	1.92055146796586e-14	0.260029811191817	0.728	0.629	7.02941042790184e-10	sig	beige	beige	GAS6	day3	6.32646938511165e-09
b4	2.06826067853001e-14	0.288654946470461	0.981	0.957	7.5700409094877e-10	sig	beige	beige	SLC3A2	day3	6.81303681853893e-09
b0	2.09936573019197e-14	0.299162323632377	0.138	0.091	7.68388850907563e-10	sig	beige	beige	MRPL53	day1	6.91549965816807e-09
b2	2.19284707060032e-14	0.263569304172443	0.755	0.697	8.02603956310423e-10	sig	beige	beige	KIRREL1	day3	7.2234356067938e-09
b4	2.87379537359571e-14	0.263637706783011	0.916	0.85	1.05183784468977e-09	sig	beige	beige	GPC1	day3	9.4665406022079e-09
b0	2.89939448624532e-14	0.27366521685778	0.185	0.13	1.06120737591065e-09	sig	beige	beige	PLXNB1	day1	9.55086638319584e-09
b2	3.13026216096764e-14	0.25219905407707	0.775	0.734	1.14570725353577e-09	sig	beige	beige	TBC1D16	day3	1.03113652818219e-08
b0	6.07526404774323e-14	0.251845698016037	0.179	0.126	2.2236073941145e-09	sig	beige	beige	RAD54L2	day1	2.00124665470305e-08
b0	8.35002067785309e-14	0.327882247062464	0.135	0.09	3.05619106830101e-09	sig	beige	beige	AC026785.2	day1	2.75057196147091e-08
b0	8.5451782626536e-14	0.251908828274019	0.185	0.131	3.12762069591384e-09	sig	beige	beige	SCYL3	day1	2.81485862632246e-08
b0	9.58869273574838e-14	0.250145437073418	0.144	0.097	3.50955742821126e-09	sig	beige	beige	NPIPA1	day1	3.15860168539014e-08
b1	1.06121531620332e-13	0.363842210590967	0.289	0.211	3.88415417883578e-09	sig	beige	beige	DPP9	day3	3.4957387609522e-08
b1	1.27798526751032e-13	0.268487239814847	0.461	0.365	4.67755387761451e-09	sig	beige	beige	PKN1	day3	4.20979848985306e-08
b1	1.45066719432153e-13	0.296973585460687	0.546	0.462	5.30958699793625e-09	sig	beige	beige	LSS	day3	4.77862829814262e-08
b0	1.94729160074507e-13	0.334378744106106	0.134	0.09	7.12728198788703e-09	sig	beige	beige	ZBTB5	day1	6.41455378909833e-08
b1	2.02317322956901e-13	0.352473320606963	0.291	0.213	7.40501633754554e-09	sig	beige	beige	RNF26	day3	6.66451470379099e-08
b2	2.38786210645977e-13	0.394101224017922	0.372	0.293	8.7398140958534e-09	sig	beige	beige	LRP5	day3	7.86583268626806e-08
b0	2.63790989334216e-13	0.300419327877883	0.142	0.096	9.65501400062164e-09	sig	beige	beige	AC004943.2	day1	8.68951260055947e-08
b0	2.93970878259762e-13	0.281081829166845	0.154	0.106	1.07596281151855e-08	sig	beige	beige	FBXL14	day1	9.68366530366698e-08
b0	3.03529945266482e-13	0.439044267622678	0.136	0.093	1.11094995266985e-08	sig	beige	beige	RMRP	day1	9.99854957402867e-08
b0	3.1566773028859e-13	0.298387071956626	0.714	0.697	1.15537545962927e-08	sig	beige	beige	MTRNR2L12	day1	1.03983791366634e-07
b1	3.23295681481473e-13	0.252073495793161	0.65	0.563	1.18329452379034e-08	sig	beige	beige	KIRREL1	day3	1.06496507141131e-07
b0	3.30333104206888e-13	0.271744393268319	0.156	0.108	1.20905219470763e-08	sig	beige	beige	AP003396.5	day1	1.08814697523687e-07
b2	3.3649318073115e-13	0.310833664008713	0.525	0.445	1.23159869079408e-08	sig	beige	beige	BAG6	day3	1.10843882171467e-07
b0	3.85312144975888e-13	0.268668003168996	0.164	0.115	1.41028098182625e-08	sig	beige	beige	DOT1L	day1	1.26925288364362e-07
b4	4.29532532025127e-13	0.270724378469378	0.866	0.779	1.57213202046517e-08	sig	beige	beige	PTPRS	day3	1.41491881841865e-07
b0	5.43902954522835e-13	0.323256723683286	0.125	0.083	1.99073920384903e-08	sig	beige	beige	AL662797.1	day1	1.79166528346413e-07
b0	8.49158534807868e-13	0.348337239857199	0.152	0.107	3.10800515325028e-08	sig	beige	beige	WNT5B	day1	2.79720463792525e-07
b0	8.71935058157656e-13	0.284154599085293	0.135	0.091	3.19136950636284e-08	sig	beige	beige	GLI2	day1	2.87223255572655e-07
b0	9.26188432558514e-13	0.283458206269784	0.148	0.102	3.38994228200742e-08	sig	beige	beige	SIPA1L3	day1	3.05094805380668e-07
b0	1.33306634016332e-12	0.283185247849412	0.151	0.105	4.87915611163178e-08	sig	beige	beige	RFLNB	day1	4.3912405004686e-07
b0	1.70182970475383e-12	0.285883159497925	0.133	0.091	6.22886690236948e-08	sig	beige	beige	ZXDB	day1	5.60598021213253e-07
b2	1.72676310450066e-12	0.266180686753085	0.749	0.694	6.32012563878288e-08	sig	beige	beige	ECE1	day3	5.68811307490459e-07
b1	1.94202272075224e-12	0.256972974872606	0.411	0.325	7.10799736022526e-08	sig	beige	beige	TBC1D9B	day3	6.39719762420273e-07
b0	2.95365134116737e-12	0.276001607972352	0.149	0.104	1.08106592738067e-07	sig	beige	beige	AC021054.1	day1	9.72959334642603e-07
b1	3.51054506675121e-12	0.353119215540805	0.28	0.208	1.28489459988161e-07	sig	beige	beige	RNPEPL1	day3	1.15640513989345e-06
b5	4.40422533327844e-12	-0.409660909561296	0.874	0.904	1.61199051423324e-07	sig	white	white	MT-ND6	day3	1.45079146280992e-06
b0	4.54531498418274e-12	0.318415789466114	0.144	0.101	1.66363073736073e-07	sig	beige	beige	PLXNA2	day1	1.49726766362465e-06
b5	4.64352793086614e-12	-0.284022416216326	0.987	0.989	1.69957765797632e-07	sig	white	white	MT-ATP8	day3	1.52961989217869e-06
b2	5.04482566898815e-12	-0.277732893299088	0.576	0.633	1.84645664310635e-07	sig	white	white	XIST	day3	1.66181097879572e-06
b2	5.9391083265264e-12	0.262567340976685	0.726	0.678	2.17377303859193e-07	sig	beige	beige	FLNA	day3	1.95639573473274e-06
b6	6.06581072359854e-12	0.435830627137496	0.984	0.991	2.2201473829443e-07	sig	beige	beige	MT-ATP6	day1	1.99813264464987e-06
b0	6.19017928018427e-12	0.2853689527822	0.126	0.086	2.26566751834024e-07	sig	beige	beige	MAST3	day1	2.03910076650622e-06
b0	6.86825062409769e-12	0.25155853355963	0.526	0.436	2.513848410926e-07	sig	beige	beige	PCSK7	day1	2.2624635698334e-06
b6	8.18931571724744e-12	0.445871201122407	0.987	0.991	2.99737144566973e-07	sig	beige	beige	MT-CO3	day1	2.69763430110276e-06
b4	9.91887592320319e-12	0.284825653226574	0.765	0.647	3.6304077766516e-07	sig	beige	beige	GANAB	day3	3.26736699898644e-06
b0	1.114442385122e-11	0.286220816020981	0.124	0.085	4.07897057378502e-07	sig	beige	beige	GAB1	day1	3.67107351640651e-06
b0	1.12019268289225e-11	0.287340966625099	0.124	0.085	4.10001723865393e-07	sig	beige	beige	ZBTB37	day1	3.69001551478854e-06
b0	1.4277613139739e-11	0.275784222265682	0.128	0.088	5.22574918527588e-07	sig	beige	beige	CCZ1	day1	4.70317426674829e-06
b1	1.60828349819026e-11	0.393472669642594	0.196	0.137	5.88647843172618e-07	sig	beige	beige	CROCC	day3	5.29783058855356e-06
b1	1.69892039487479e-11	0.287334367629654	0.452	0.366	6.21821853728123e-07	sig	beige	beige	PER1	day3	5.59639668355311e-06
b5	2.14243020697464e-11	0.265852606356176	0.815	0.748	7.84150880054787e-07	sig	beige	beige	EPN1	day3	7.05735792049308e-06
b6	2.21693911244987e-11	0.337077979865545	0.992	0.994	8.11421884547776e-07	sig	beige	beige	MT-CO1	day1	7.30279696092998e-06
b0	3.33888423096448e-11	0.265266938165046	0.125	0.086	1.22206501737531e-06	sig	beige	beige	ZBTB34	day1	1.09985851563778e-05
b4	3.53363389816612e-11	0.312658741404432	0.817	0.732	1.29334534306778e-06	sig	beige	beige	IL17RC	day3	1.164010808761e-05
b1	3.81296403845803e-11	0.279173875486058	0.28	0.209	1.39558296771602e-06	sig	beige	beige	PCDHGC3	day3	1.25602467094442e-05
b6	4.0388457920682e-11	0.393232853750919	0.986	0.989	1.47825794835488e-06	sig	beige	beige	MT-ND4L	day1	1.33043215351939e-05
b0	4.11382221778229e-11	0.305056135197792	0.128	0.089	1.5057000699305e-06	sig	beige	beige	LINC02593	day1	1.35513006293745e-05
b0	5.17436107986826e-11	0.285375164881756	0.122	0.084	1.89386789884258e-06	sig	beige	beige	PKP4	day1	1.70448110895832e-05
b2	5.60264526766952e-11	-0.362435933532833	0.328	0.395	2.05062419441972e-06	sig	white	white	AL136454.1	day3	1.84556177497775e-05
b2	5.78980327518744e-11	0.261438574073186	0.606	0.542	2.11912589675135e-06	sig	beige	beige	FLII	day3	1.90721330707622e-05
b1	5.86275510718878e-11	0.309382687533291	0.339	0.267	2.14582699678217e-06	sig	beige	beige	FAM20C	day3	1.93124429710395e-05
b1	9.11632334193696e-11	0.285267865310343	0.321	0.248	3.33666550638235e-06	sig	beige	beige	PLXNB2	day3	3.00299895574411e-05
b2	1.01561129076346e-10	0.258317130579711	0.7	0.651	3.71723888532336e-06	sig	beige	beige	TNKS1BP1	day3	3.34551499679102e-05
b1	1.03319238620651e-10	0.291826422388382	0.408	0.329	3.78158745275445e-06	sig	beige	beige	SLC39A14	day3	3.40342870747901e-05
b1	1.08651106569858e-10	0.272511705601991	0.322	0.248	3.97673915156338e-06	sig	beige	beige	ADGRA2	day3	3.57906523640704e-05
b2	1.11239892568759e-10	0.281713021770063	0.62	0.562	4.07149130790915e-06	sig	beige	beige	UBA1	day3	3.66434217711824e-05
b2	1.1225058274542e-10	0.344936042750374	0.335	0.265	4.10848357906513e-06	sig	beige	beige	SEC24C	day3	3.69763522115861e-05
b1	1.26467023967616e-10	0.259770142958997	0.449	0.371	4.62881954423869e-06	sig	beige	beige	SLC38A10	day3	4.16593758981483e-05
b2	1.29776033904171e-10	0.306532524099859	0.485	0.421	4.74993261692656e-06	sig	beige	beige	PLEC	day3	4.2749393552339e-05
b1	1.33194824882971e-10	0.275855298687146	0.314	0.241	4.87506378554164e-06	sig	beige	beige	CAMKK2	day3	4.38755740698747e-05
b4	1.35422485423393e-10	0.299725802883379	0.837	0.75	4.95659838898161e-06	sig	beige	beige	EMILIN1	day3	4.46093855008345e-05
b0	1.43028937040564e-10	0.258386397609261	0.132	0.094	5.2350021246217e-06	sig	beige	beige	ZBTB7B	day1	4.71150191215953e-05
b4	1.44830077387088e-10	0.739414411170279	0.184	0.106	5.30092566244479e-06	sig	beige	beige	DDX51	day3	4.77083309620031e-05
b6	1.56279737726684e-10	0.398882507359534	0.971	0.941	5.71999468053435e-06	sig	beige	beige	MT-ATP8	day1	5.14799521248091e-05
b2	1.7082800367225e-10	0.266655091081683	0.557	0.492	6.25247576240804e-06	sig	beige	beige	KIAA2013	day3	5.62722818616724e-05
b5	1.8914989102508e-10	-0.952571535773895	0.265	0.353	6.92307516140895e-06	sig	white	white	MGP	day3	6.23076764526806e-05
b2	2.11593756503066e-10	0.270541222632586	0.511	0.445	7.74454308176874e-06	sig	beige	beige	SCAP	day3	6.97008877359186e-05
b1	2.22490389126858e-10	0.304819833431988	0.313	0.242	8.14337073243213e-06	sig	beige	beige	ARHGEF40	day3	7.32903365918892e-05
b1	2.6787914222883e-10	0.251104287687137	0.372	0.294	9.8046444847174e-06	sig	beige	beige	TTYH3	day3	8.82418003624566e-05
b1	2.77067390918611e-10	0.261803975647934	0.466	0.385	1.01409435750121e-05	sig	beige	beige	ATP13A1	day3	9.12684921751086e-05
b2	3.16243386144343e-10	0.301638294168862	0.534	0.468	1.15748241762691e-05	sig	beige	beige	GAA	day3	0.000104173417586422
b0	3.4182503545151e-10	0.264702468010705	0.121	0.085	1.25111381225607e-05	sig	beige	beige	TCF20	day1	0.000112600243103046
b2	3.59979554720624e-10	0.324974803762022	0.379	0.31	1.31756116823296e-05	sig	beige	beige	PBXIP1	day3	0.000118580505140966
b4	3.62771379819833e-10	0.362928137223093	0.538	0.426	1.32777952727857e-05	sig	beige	beige	KLF13	day3	0.000119500157455071
b4	3.6932563992927e-10	0.266764997856445	0.882	0.834	1.35176877470512e-05	sig	beige	beige	PDGFRB	day3	0.000121659189723461
b2	3.78214303224299e-10	0.47744681253108	0.26	0.202	1.38430217123126e-05	sig	beige	beige	HECTD3	day3	0.000124587195410813
b1	4.1806227570692e-10	0.264225181256322	0.395	0.318	1.5301497353149e-05	sig	beige	beige	ATXN2L	day3	0.000137713476178341
b0	4.29667428494843e-10	0.259365663496502	0.118	0.083	1.57262575503397e-05	sig	beige	beige	DHFR2	day1	0.000141536317953058
b0	5.17234534913286e-10	0.265463501960634	0.127	0.09	1.89313012123612e-05	sig	beige	beige	POU2F1	day1	0.000170381710911251
b1	6.15345426011895e-10	0.250797238608815	0.478	0.398	2.25222579374614e-05	sig	beige	beige	CRAT	day3	0.000202700321437152
b2	7.04654319946115e-10	-0.307386737337326	0.6	0.645	2.57910527643477e-05	sig	white	white	RBP4	day3	0.00023211947487913
b4	7.23957859128056e-10	0.331588631151661	0.607	0.498	2.6497581601946e-05	sig	beige	beige	FLNA	day3	0.000238478234417514
b1	7.24965016906156e-10	0.270478292618786	0.335	0.266	2.65344445837822e-05	sig	beige	beige	EML3	day3	0.00023881000125404
b1	9.58386044891784e-10	0.313732892028166	0.258	0.196	3.50778876290842e-05	sig	beige	beige	CAPN5	day3	0.000315700988661758
b1	1.0042519460222e-09	0.344511172342935	0.227	0.17	3.67566254763585e-05	sig	beige	beige	TRIM47	day3	0.000330809629287226
b2	1.1251433407849e-09	0.287243617707881	0.42	0.347	4.11813714160683e-05	sig	beige	beige	CAPN1	day3	0.000370632342744614
b1	1.24241091953675e-09	0.273022469905387	0.315	0.247	4.54734820659648e-05	sig	beige	beige	SLC27A1	day3	0.000409261338593683
b1	1.38111339744914e-09	0.254631485571986	0.346	0.276	5.05501314600358e-05	sig	beige	beige	PPP6R1	day3	0.000454951183140323
b1	1.43077776302706e-09	0.307642754844256	0.304	0.239	5.23678969045534e-05	sig	beige	beige	TMEM129	day3	0.000471311072140981
b0	1.57351503281166e-09	0.250550223790016	0.278	0.224	5.75922237159395e-05	sig	beige	beige	NR4A1	day1	0.000518330013443456
b2	1.82684233835688e-09	0.439578358940457	0.272	0.214	6.68642564262002e-05	sig	beige	beige	SOGA1	day3	0.000601778307835802
b1	2.09578544442399e-09	0.302757099687823	0.246	0.186	7.67078430513624e-05	sig	beige	beige	AC015712.2	day3	0.000690370587462262
b0	2.22096962054763e-09	0.300777505870773	0.167	0.127	8.12897090816639e-05	sig	beige	beige	ABTB2	day1	0.000731607381734975
b2	2.39466878870976e-09	0.312805433556286	0.372	0.308	8.7647272335566e-05	sig	beige	beige	MAP1S	day3	0.000788825451020094
b7	2.55075926305094e-09	0.563526944980846	0.979	0.957	9.33603397869275e-05	sig	beige	beige	MT-ATP8	day1	0.000840243058082347
b1	2.60019532792223e-09	0.251791906328295	0.361	0.289	9.51697491972814e-05	sig	beige	beige	PPM1M	day3	0.000856527742775533
b2	2.64804406481745e-09	0.310248261441026	0.464	0.405	9.69210608163834e-05	sig	beige	beige	ALDH1B1	day3	0.00087228954734745
b2	2.67894788621301e-09	0.290332197383093	0.413	0.345	9.80521715832824e-05	sig	beige	beige	DDX54	day3	0.000882469544249541
b1	2.76844227668239e-09	0.27201125809533	0.286	0.222	0.000101327755768852	sig	beige	beige	ESRRA	day3	0.000911949801919669
b6	2.77079996314993e-09	0.38369932359281	0.974	0.972	0.000101414049451251	sig	beige	beige	MT-ND1	day1	0.000912726445061256
b2	3.10074727006437e-09	0.255566097607488	0.51	0.449	0.000113490450831626	sig	beige	beige	SSC5D	day3	0.00102141405748463
b4	3.66379149949946e-09	0.397905067900591	0.551	0.446	0.00013409843267318	sig	beige	beige	CSRP1	day3	0.00120688589405862
b2	4.41311191966983e-09	0.285771620680201	0.451	0.391	0.000161524309371835	sig	beige	beige	TBC1D10B	day3	0.00145371878434652
b1	5.05375569662518e-09	0.293805863382065	0.303	0.241	0.000184972512252178	sig	beige	beige	TTLL12	day3	0.0016647526102696
b4	5.09607731778405e-09	0.289754029724105	0.987	0.972	0.000186521525908214	sig	beige	beige	GSN	day3	0.00167869373317393
b1	5.1652438434791e-09	0.378789508910645	0.152	0.106	0.000189053089915179	sig	beige	beige	INTS4	day3	0.00170147780923661
b2	5.76576473339789e-09	0.280306040938223	0.447	0.381	0.000211032755007096	sig	beige	beige	PER1	day3	0.00189929479506386
b1	5.8610090385686e-09	0.292444047843251	0.204	0.151	0.000214518791820649	sig	beige	beige	EPHB4	day3	0.00193066912638584
b4	5.96359245214005e-09	0.37526528396977	0.499	0.397	0.000218273447340778	sig	beige	beige	SLC4A2	day3	0.001964461026067
b2	6.32287396363403e-09	0.260156309824521	0.612	0.565	0.000231423509942969	sig	beige	beige	ESYT1	day3	0.00208281158948672
b2	6.7763844925156e-09	0.337375275893494	0.338	0.278	0.000248022448810564	sig	beige	beige	CHERP	day3	0.00223220203929507
b4	6.84561017825485e-09	0.364040132543153	0.487	0.375	0.000250556178134306	sig	beige	beige	MVP	day3	0.00225500560320875
b1	6.94095899153189e-09	0.254046112620439	0.555	0.483	0.000254046040049059	sig	beige	beige	ABCC1	day3	0.00228641436044153
b7	7.12555018756511e-09	0.677820133873027	0.884	0.754	0.000260802262415071	sig	beige	beige	MT-ND6	day1	0.00234722036173564
b6	7.49797865220895e-09	0.376013585191671	0.989	0.984	0.0002744335166495	sig	beige	beige	MT-ND4	day1	0.0024699016498455
b5	8.37507746408377e-09	0.268972720154458	0.817	0.727	0.00030653621026293	sig	beige	beige	AP2A1	day3	0.00275882589236637
b4	8.3885239958002e-09	0.461875031838374	0.318	0.225	0.000307028366770283	sig	beige	beige	SPATA20	day3	0.00276325530093255
b5	1.1150898235174e-08	0.485474732612202	0.372	0.28	0.000408134026305605	sig	beige	beige	EML3	day3	0.00367320623675045
b1	1.11865353468493e-08	0.250386349978706	0.394	0.325	0.00040943838023003	sig	beige	beige	SHMT1	day3	0.00368494542207027
b1	1.21470252514215e-08	0.376440263351589	0.18	0.132	0.000444593271227277	sig	beige	beige	TMEM63B	day3	0.0040013394410455
b1	1.32172489188415e-08	0.31559252208754	0.273	0.216	0.000483764527678519	sig	beige	beige	HIC1	day3	0.00435388074910667
b2	1.32259373343401e-08	0.492834174661325	0.237	0.187	0.000484082532374182	sig	beige	beige	ALDH16A1	day3	0.00435674279136763
b6	1.3631341994167e-08	0.38612004322372	0.965	0.961	0.000498920748328508	sig	beige	beige	MT-ND5	day1	0.00449028673495657
b1	1.41748370987701e-08	0.253232593075298	0.225	0.169	0.000518813212652085	sig	beige	beige	ZBTB45	day3	0.00466931891386877
b2	1.53050272863908e-08	0.294614115777377	0.362	0.298	0.000560179303709191	sig	beige	beige	RNPEPL1	day3	0.00504161373338272
b2	1.55885931643954e-08	0.302357582044249	0.428	0.369	0.000570558098410037	sig	beige	beige	TBC1D9B	day3	0.00513502288569033
b1	1.72216552050719e-08	0.28181165239278	0.26	0.202	0.000630329802160837	sig	beige	beige	ASB13	day3	0.00567296821944754
b1	1.73384278588632e-08	0.253407852566202	0.263	0.203	0.000634603798062251	sig	beige	beige	FOXK1	day3	0.00571143418256026
b1	2.14049200752238e-08	0.25719084542334	0.245	0.187	0.000783441479673265	sig	beige	beige	CAD	day3	0.00705097331705939
b1	2.34079542153843e-08	0.267327031853536	0.198	0.148	0.000856754532237282	sig	beige	beige	RAVER1	day3	0.00771079079013554
b1	2.53730837057614e-08	0.262548276490583	0.28	0.22	0.000928680236714572	sig	beige	beige	C6orf47	day3	0.00835812213043114
b1	2.63650163117419e-08	0.272935101512828	0.498	0.427	0.000964985962026065	sig	beige	beige	ITGA5	day3	0.00868487365823458
b0	2.85632648280413e-08	0.252393195109703	0.137	0.103	0.00104544405597114	sig	beige	beige	FLRT2	day1	0.00940899650374025
b1	2.9482318542079e-08	0.272506408298896	0.227	0.173	0.00107908234095863	sig	beige	beige	MRPL49	day3	0.00971174106862769
b1	2.97012185115771e-08	0.269714977649941	0.263	0.205	0.00108709429874223	sig	beige	beige	PORCN	day3	0.00978384868868009
b6	2.99216666087831e-08	0.276748444100889	0.99	0.994	0.00109516291954807	sig	beige	beige	MT-CO2	day1	0.00985646627593264
